{"KolicinaPadavina":[
{"StationID":"14530","name":"Дринић","lat":"44.51083","lon":"16.46722","alt":"730.00","desc":"9.1","datum":"2019-01-30","marker":"10l.jpg"},
{"StationID":"14533","name":"Мљечаница","lat":"0","lon":"0","alt":"0.00","desc":"5.5","datum":"2019-01-30","marker":"10l.jpg"},
{"StationID":"14542","name":"Бањалука","lat":"44.80806","lon":"17.21278","alt":"153.00","desc":"10.6","datum":"2019-01-30","marker":"20l.jpg"},
{"StationID":"14563","name":"Зворник","lat":"44.433333","lon":"19.15","alt":"146.00","desc":"0","datum":"2019-01-30","marker":"1l.jpg"},
{"StationID":"14649","name":"Невесиње","lat":"43.2975","lon":"18.104722","alt":"847.00","desc":"1","datum":"2019-01-30","marker":"1l.jpg"},
{"StationID":"14655","name":"Гацко","lat":"43.174167","lon":"18.515833","alt":"947.00","desc":"0","datum":"2019-01-30","marker":"1l.jpg"},
{"StationID":"14665","name":"Фоча","lat":"43.517222","lon":"18.785278","alt":"412.00","desc":"0.4","datum":"2019-01-30","marker":"1l.jpg"},
{"StationID":"14668","name":"Требиње","lat":"42.713946","lon":"18.344287","alt":"300.00","desc":"1","datum":"2019-01-30","marker":"1l.jpg"},
{"StationID":"14529","name":"Крупа на Уни","lat":"0","lon":"0","alt":"0.00","desc":"9","datum":"2019-01-30","marker":"10l.jpg"},
{"StationID":"14531","name":"Рибник","lat":"44.40667","lon":"16.815","alt":"305.00","desc":"17.7","datum":"2019-01-30","marker":"20l.jpg"},
{"StationID":"14534","name":"Мраковица","lat":"45.011944","lon":"16.915","alt":"766.00","desc":"17","datum":"2019-01-30","marker":"20l.jpg"},
{"StationID":"14535","name":"Нови Град","lat":"45.05056","lon":"16.38444","alt":"134.00","desc":"5.8","datum":"2019-01-30","marker":"10l.jpg"},
{"StationID":"14536","name":"Приједор","lat":"44.97556","lon":"16.72111","alt":"141.00","desc":"10.5","datum":"2019-01-30","marker":"20l.jpg"},
{"StationID":"14547","name":"Шипово","lat":"44.288611","lon":"17.084722","alt":"458.00","desc":"6.7","datum":"2019-01-30","marker":"10l.jpg"},
{"StationID":"14562","name":"Бијељина","lat":"44.75611","lon":"19.20111","alt":"97.00","desc":"0.5","datum":"2019-01-30","marker":"1l.jpg"},
{"StationID":"14564","name":"Сребреница","lat":"44.0833","lon":"19.3","alt":"377.00","desc":"0.1","datum":"2019-01-30","marker":"1l.jpg"},
{"StationID":"14565","name":"Хан Пијесак","lat":"44.08833","lon":"18.95167","alt":"1138.00","desc":"1.8","datum":"2019-01-30","marker":"5l.jpg"},
{"StationID":"14656","name":"Чемерно","lat":"43.25444","lon":"18.61222","alt":"1304.00","desc":"0.9","datum":"2019-01-30","marker":"1l.jpg"},
{"StationID":"14658","name":"Соколац","lat":"43.92611","lon":"18.78917","alt":"913.00","desc":"1.3","datum":"2019-01-30","marker":"5l.jpg"},
{"StationID":"14659","name":"Калиновик","lat":"43.5045722","lon":"18.4463806","alt":"1070.00","desc":"0.01","datum":"2019-01-30","marker":"1l.jpg"},
{"StationID":"14667","name":"Билећа","lat":"42.86778","lon":"18.42472","alt":"443.00","desc":"1.8","datum":"2019-01-30","marker":"5l.jpg"},
{"StationID":"14545","name":"Мркоњић Град","lat":"44.41861","lon":"17.08361","alt":"575.00","desc":"10.4","datum":"2019-01-30","marker":"20l.jpg"},
{"StationID":"14551","name":"Добој","lat":"44.73861","lon":"18.095","alt":"147.00","desc":"7","datum":"2019-01-30","marker":"10l.jpg"},
{"StationID":"14662","name":"Вишеград","lat":"43.79639","lon":"19.295","alt":"416.00","desc":"0.9","datum":"2019-01-30","marker":"1l.jpg"},
{"StationID":"14663","name":"Рудо","lat":"43.61833","lon":"19.36972","alt":"413.00","desc":"0.4","datum":"2019-01-30","marker":"1l.jpg"}
]}