{"Pritisak":[
{"StationID":"14538","StationName":"Србац","lat":"45.10417","lon":"17.52167","alt":"102.00","pritisak":"999,0","termin":"30.1.2019 13:00","desc":"<p>Синоптичка Метеоролошка станица Србац</p><p>Термин:30.1.2019 13:00</p><p><a href='http://hidrometeo.3stepsict.com/jQPlot/dist/examples/pritisak.php?id=14538'>Тренутaн притисак:  999,0 hPa</a></p>"},
{"StationID":"14659","StationName":"Калиновик","lat":"43.5045722","lon":"18.4463806","alt":"1070.00","pritisak":"880,0","termin":"30.1.2019 7:00","desc":"<p>Синоптичка Метеоролошка станица Калиновик</p><p>Термин:30.1.2019 7:00</p><p><a href='http://hidrometeo.3stepsict.com/jQPlot/dist/examples/pritisak.php?id=14659'>Тренутaн притисак:  880,0 hPa</a></p>"},
{"StationID":"14545","StationName":"Мркоњић Град","lat":"44.41861","lon":"17.08361","alt":"575.00","pritisak":"938,2","termin":"30.1.2019 7:00","desc":"<p>Синоптичка Метеоролошка станица Мркоњић Град</p><p>Термин:30.1.2019 7:00</p><p><a href='http://hidrometeo.3stepsict.com/jQPlot/dist/examples/pritisak.php?id=14545'>Тренутaн притисак:  938,2 hPa</a></p>"},
{"StationID":"14665","StationName":"Фоча","lat":"43.517222","lon":"18.785278","alt":"412.00","pritisak":"959,0","termin":"30.1.2019 7:00","desc":"<p>Синоптичка Метеоролошка станица Фоча</p><p>Термин:30.1.2019 7:00</p><p><a href='http://hidrometeo.3stepsict.com/jQPlot/dist/examples/pritisak.php?id=14665'>Тренутaн притисак:  959,0 hPa</a></p>"},
{"StationID":"14667","StationName":"Билећа","lat":"42.86778","lon":"18.42472","alt":"443.00","pritisak":"948,8","termin":"30.1.2019 8:00","desc":"<p>Синоптичка Метеоролошка станица Билећа</p><p>Термин:30.1.2019 8:00</p><p><a href='http://hidrometeo.3stepsict.com/jQPlot/dist/examples/pritisak.php?id=14667'>Тренутaн притисак:  948,8 hPa</a></p>"},
{"StationID":"14663","StationName":"Рудо","lat":"43.61833","lon":"19.36972","alt":"413.00","pritisak":"952,0","termin":"30.1.2019 7:00","desc":"<p>Синоптичка Метеоролошка станица Рудо</p><p>Термин:30.1.2019 7:00</p><p><a href='http://hidrometeo.3stepsict.com/jQPlot/dist/examples/pritisak.php?id=14663'>Тренутaн притисак:  952,0 hPa</a></p>"},
{"StationID":"14563","StationName":"Зворник","lat":"44.433333","lon":"19.15","alt":"146.00","pritisak":"980,1","termin":"30.1.2019 7:00","desc":"<p>Синоптичка Метеоролошка станица Зворник</p><p>Термин:30.1.2019 7:00</p><p><a href='http://hidrometeo.3stepsict.com/jQPlot/dist/examples/pritisak.php?id=14563'>Тренутaн притисак:  980,1 hPa</a></p>"},
{"StationID":"14539","StationName":"Градишка","lat":"45.140833","lon":"17.256389","alt":"102.00","pritisak":"999,9","termin":"30.1.2019 7:00","desc":"<p>Синоптичка Метеоролошка станица Градишка</p><p>Термин:30.1.2019 7:00</p><p><a href='http://hidrometeo.3stepsict.com/jQPlot/dist/examples/pritisak.php?id=14539'>Тренутaн притисак:  999,9 hPa</a></p>"},
{"StationID":"14535","StationName":"Нови Град","lat":"45.05056","lon":"16.38444","alt":"134.00","pritisak":"988,5","termin":"30.1.2019 7:00","desc":"<p>Синоптичка Метеоролошка станица Нови Град</p><p>Термин:30.1.2019 7:00</p><p><a href='http://hidrometeo.3stepsict.com/jQPlot/dist/examples/pritisak.php?id=14535'>Тренутaн притисак:  988,5 hPa</a></p>"},
{"StationID":"14564","StationName":"Сребреница","lat":"44.0833","lon":"19.3","alt":"377.00","pritisak":"950,0","termin":"30.1.2019 8:00","desc":"<p>Синоптичка Метеоролошка станица Сребреница</p><p>Термин:30.1.2019 8:00</p><p><a href='http://hidrometeo.3stepsict.com/jQPlot/dist/examples/pritisak.php?id=14564'>Тренутaн притисак:  950,0 hPa</a></p>"},
{"StationID":"14658","StationName":"Соколац","lat":"43.92611","lon":"18.78917","alt":"913.00","pritisak":"899,5","termin":"30.1.2019 8:00","desc":"<p>Синоптичка Метеоролошка станица Соколац</p><p>Термин:30.1.2019 8:00</p><p><a href='http://hidrometeo.3stepsict.com/jQPlot/dist/examples/pritisak.php?id=14658'>Тренутaн притисак:  899,5 hPa</a></p>"},
{"StationID":"14542","StationName":"Бањалука","lat":"44.80806","lon":"17.21278","alt":"153.00","pritisak":"984,5","termin":"30.1.2019 8:00","desc":"<p>Синоптичка Метеоролошка станица Бањалука</p><p>Термин:30.1.2019 8:00</p><p><a href='http://hidrometeo.3stepsict.com/jQPlot/dist/examples/pritisak.php?id=14542'>Тренутaн притисак:  984,5 hPa</a></p>"},
{"StationID":"14551","StationName":"Добој","lat":"44.73861","lon":"18.095","alt":"147.00","pritisak":"985,9","termin":"30.1.2019 8:00","desc":"<p>Синоптичка Метеоролошка станица Добој</p><p>Термин:30.1.2019 8:00</p><p><a href='http://hidrometeo.3stepsict.com/jQPlot/dist/examples/pritisak.php?id=14551'>Тренутaн притисак:  985,9 hPa</a></p>"},
{"StationID":"14562","StationName":"Бијељина","lat":"44.75611","lon":"19.20111","alt":"97.00","pritisak":"992,0","termin":"30.1.2019 8:00","desc":"<p>Синоптичка Метеоролошка станица Бијељина</p><p>Термин:30.1.2019 8:00</p><p><a href='http://hidrometeo.3stepsict.com/jQPlot/dist/examples/pritisak.php?id=14562'>Тренутaн притисак:  992,0 hPa</a></p>"},
{"StationID":"14655","StationName":"Гацко","lat":"43.174167","lon":"18.515833","alt":"947.00","pritisak":"892,6","termin":"30.1.2019 7:00","desc":"<p>Синоптичка Метеоролошка станица Гацко</p><p>Термин:30.1.2019 7:00</p><p><a href='http://hidrometeo.3stepsict.com/jQPlot/dist/examples/pritisak.php?id=14655'>Тренутaн притисак:  892,6 hPa</a></p>"},
{"StationID":"14565","StationName":"Хан Пијесак","lat":"44.08833","lon":"18.95167","alt":"1138.00","pritisak":"874,0","termin":"30.1.2019 8:00","desc":"<p>Синоптичка Метеоролошка станица Хан Пијесак</p><p>Термин:30.1.2019 8:00</p><p><a href='http://hidrometeo.3stepsict.com/jQPlot/dist/examples/pritisak.php?id=14565'>Тренутaн притисак:  874,0 hPa</a></p>"},
{"StationID":"14668","StationName":"Требиње","lat":"42.713946","lon":"18.344287","alt":"300.00","pritisak":"973,0","termin":"30.1.2019 7:00","desc":"<p>Синоптичка Метеоролошка станица Требиње</p><p>Термин:30.1.2019 7:00</p><p><a href='http://hidrometeo.3stepsict.com/jQPlot/dist/examples/pritisak.php?id=14668'>Тренутaн притисак:  973,0 hPa</a></p>"},
{"StationID":"14536","StationName":"Приједор","lat":"44.97556","lon":"16.72111","alt":"141.00","pritisak":"987,0","termin":"30.1.2019 7:00","desc":"<p>Синоптичка Метеоролошка станица Приједор</p><p>Термин:30.1.2019 7:00</p><p><a href='http://hidrometeo.3stepsict.com/jQPlot/dist/examples/pritisak.php?id=14536'>Тренутaн притисак:  987,0 hPa</a></p>"},
{"StationID":"14656","StationName":"Чемерно","lat":"43.25444","lon":"18.61222","alt":"1304.00","pritisak":"854,6","termin":"30.1.2019 8:00","desc":"<p>Синоптичка Метеоролошка станица Чемерно</p><p>Термин:30.1.2019 8:00</p><p><a href='http://hidrometeo.3stepsict.com/jQPlot/dist/examples/pritisak.php?id=14656'>Тренутaн притисак:  854,6 hPa</a></p>"}
]}