{"TemperatureExtremne":[
{"StationID":"14530","StationName":"Дринић","lon":"16.46722","lat":"44.51083","alt":"730.00","MinTemp":"NULL","MaxTemp":"-0.2","termin":"30.01.2019","desc":"<p>Синоптичка Метеоролошка станица Дринић</p><p>Термин:30.01.2019</p><p>Мин. температура:   C°</p><p> Макс. Температура: -0.2 C°"},
{"StationID":"14533","StationName":"Мљечаница","lon":"0","lat":"0","alt":"0.00","MinTemp":"NULL","MaxTemp":"6","termin":"30.01.2019","desc":"<p>Синоптичка Метеоролошка станица Мљечаница</p><p>Термин:30.01.2019</p><p>Мин. температура:   C°</p><p> Макс. Температура: 6 C°"},
{"StationID":"14542","StationName":"Бањалука","lon":"17.21278","lat":"44.80806","alt":"153.00","MinTemp":"0.2","MaxTemp":"NULL","termin":"30.01.2019","desc":"<p>Синоптичка Метеоролошка станица Бањалука</p><p>Термин:30.01.2019</p><p>Мин. температура:  0.2 C°</p><p> Макс. Температура:  C°"},
{"StationID":"14563","StationName":"Зворник","lon":"19.15","lat":"44.433333","alt":"146.00","MinTemp":"NULL","MaxTemp":"NULL","termin":"30.01.2019","desc":"<p>Синоптичка Метеоролошка станица Зворник</p><p>Термин:30.01.2019</p><p>Мин. температура:   C°</p><p> Макс. Температура:  C°"},
{"StationID":"14649","StationName":"Невесиње","lon":"18.104722","lat":"43.2975","alt":"847.00","MinTemp":"NULL","MaxTemp":"NULL","termin":"30.01.2019","desc":"<p>Синоптичка Метеоролошка станица Невесиње</p><p>Термин:30.01.2019</p><p>Мин. температура:   C°</p><p> Макс. Температура:  C°"},
{"StationID":"14655","StationName":"Гацко","lon":"18.515833","lat":"43.174167","alt":"947.00","MinTemp":"-4","MaxTemp":"NULL","termin":"30.01.2019","desc":"<p>Синоптичка Метеоролошка станица Гацко</p><p>Термин:30.01.2019</p><p>Мин. температура:  -4 C°</p><p> Макс. Температура:  C°"},
{"StationID":"14665","StationName":"Фоча","lon":"18.785278","lat":"43.517222","alt":"412.00","MinTemp":"1.9","MaxTemp":"7.1","termin":"30.01.2019","desc":"<p>Синоптичка Метеоролошка станица Фоча</p><p>Термин:30.01.2019</p><p>Мин. температура:  1.9 C°</p><p> Макс. Температура: 7.1 C°"},
{"StationID":"14668","StationName":"Требиње","lon":"18.344287","lat":"42.713946","alt":"300.00","MinTemp":"1.4","MaxTemp":"NULL","termin":"30.01.2019","desc":"<p>Синоптичка Метеоролошка станица Требиње</p><p>Термин:30.01.2019</p><p>Мин. температура:  1.4 C°</p><p> Макс. Температура:  C°"},
{"StationID":"14529","StationName":"Крупа на Уни","lon":"0","lat":"0","alt":"0.00","MinTemp":"-1","MaxTemp":"NULL","termin":"30.01.2019","desc":"<p>Синоптичка Метеоролошка станица Крупа на Уни</p><p>Термин:30.01.2019</p><p>Мин. температура:  -1 C°</p><p> Макс. Температура:  C°"},
{"StationID":"14531","StationName":"Рибник","lon":"16.815","lat":"44.40667","alt":"305.00","MinTemp":"-0.2","MaxTemp":"NULL","termin":"30.01.2019","desc":"<p>Синоптичка Метеоролошка станица Рибник</p><p>Термин:30.01.2019</p><p>Мин. температура:  -0.2 C°</p><p> Макс. Температура:  C°"},
{"StationID":"14534","StationName":"Мраковица","lon":"16.915","lat":"45.011944","alt":"766.00","MinTemp":"NULL","MaxTemp":"0.2","termin":"30.01.2019","desc":"<p>Синоптичка Метеоролошка станица Мраковица</p><p>Термин:30.01.2019</p><p>Мин. температура:   C°</p><p> Макс. Температура: 0.2 C°"},
{"StationID":"14535","StationName":"Нови Град","lon":"16.38444","lat":"45.05056","alt":"134.00","MinTemp":"0.1","MaxTemp":"NULL","termin":"30.01.2019","desc":"<p>Синоптичка Метеоролошка станица Нови Град</p><p>Термин:30.01.2019</p><p>Мин. температура:  0.1 C°</p><p> Макс. Температура:  C°"},
{"StationID":"14536","StationName":"Приједор","lon":"16.72111","lat":"44.97556","alt":"141.00","MinTemp":"0.4","MaxTemp":"NULL","termin":"30.01.2019","desc":"<p>Синоптичка Метеоролошка станица Приједор</p><p>Термин:30.01.2019</p><p>Мин. температура:  0.4 C°</p><p> Макс. Температура:  C°"},
{"StationID":"14547","StationName":"Шипово","lon":"17.084722","lat":"44.288611","alt":"458.00","MinTemp":"-1","MaxTemp":"1.4","termin":"30.01.2019","desc":"<p>Синоптичка Метеоролошка станица Шипово</p><p>Термин:30.01.2019</p><p>Мин. температура:  -1 C°</p><p> Макс. Температура: 1.4 C°"},
{"StationID":"14562","StationName":"Бијељина","lon":"19.20111","lat":"44.75611","alt":"97.00","MinTemp":"0.3","MaxTemp":"NULL","termin":"30.01.2019","desc":"<p>Синоптичка Метеоролошка станица Бијељина</p><p>Термин:30.01.2019</p><p>Мин. температура:  0.3 C°</p><p> Макс. Температура:  C°"},
{"StationID":"14564","StationName":"Сребреница","lon":"19.3","lat":"44.0833","alt":"377.00","MinTemp":"0.6","MaxTemp":"NULL","termin":"30.01.2019","desc":"<p>Синоптичка Метеоролошка станица Сребреница</p><p>Термин:30.01.2019</p><p>Мин. температура:  0.6 C°</p><p> Макс. Температура:  C°"},
{"StationID":"14565","StationName":"Хан Пијесак","lon":"18.95167","lat":"44.08833","alt":"1138.00","MinTemp":"-4.4","MaxTemp":"NULL","termin":"30.01.2019","desc":"<p>Синоптичка Метеоролошка станица Хан Пијесак</p><p>Термин:30.01.2019</p><p>Мин. температура:  -4.4 C°</p><p> Макс. Температура:  C°"},
{"StationID":"14656","StationName":"Чемерно","lon":"18.61222","lat":"43.25444","alt":"1304.00","MinTemp":"-5","MaxTemp":"NULL","termin":"30.01.2019","desc":"<p>Синоптичка Метеоролошка станица Чемерно</p><p>Термин:30.01.2019</p><p>Мин. температура:  -5 C°</p><p> Макс. Температура:  C°"},
{"StationID":"14658","StationName":"Соколац","lon":"18.78917","lat":"43.92611","alt":"913.00","MinTemp":"-2.1","MaxTemp":"NULL","termin":"30.01.2019","desc":"<p>Синоптичка Метеоролошка станица Соколац</p><p>Термин:30.01.2019</p><p>Мин. температура:  -2.1 C°</p><p> Макс. Температура:  C°"},
{"StationID":"14659","StationName":"Калиновик","lon":"18.4463806","lat":"43.5045722","alt":"1070.00","MinTemp":"-2.2","MaxTemp":"2","termin":"30.01.2019","desc":"<p>Синоптичка Метеоролошка станица Калиновик</p><p>Термин:30.01.2019</p><p>Мин. температура:  -2.2 C°</p><p> Макс. Температура: 2 C°"},
{"StationID":"14667","StationName":"Билећа","lon":"18.42472","lat":"42.86778","alt":"443.00","MinTemp":"-2.4","MaxTemp":"NULL","termin":"30.01.2019","desc":"<p>Синоптичка Метеоролошка станица Билећа</p><p>Термин:30.01.2019</p><p>Мин. температура:  -2.4 C°</p><p> Макс. Температура:  C°"},
{"StationID":"14545","StationName":"Мркоњић Град","lon":"17.08361","lat":"44.41861","alt":"575.00","MinTemp":"-1.6","MaxTemp":"NULL","termin":"30.01.2019","desc":"<p>Синоптичка Метеоролошка станица Мркоњић Град</p><p>Термин:30.01.2019</p><p>Мин. температура:  -1.6 C°</p><p> Макс. Температура:  C°"},
{"StationID":"14551","StationName":"Добој","lon":"18.095","lat":"44.73861","alt":"147.00","MinTemp":"0.4","MaxTemp":"NULL","termin":"30.01.2019","desc":"<p>Синоптичка Метеоролошка станица Добој</p><p>Термин:30.01.2019</p><p>Мин. температура:  0.4 C°</p><p> Макс. Температура:  C°"},
{"StationID":"14662","StationName":"Вишеград","lon":"19.295","lat":"43.79639","alt":"416.00","MinTemp":"1","MaxTemp":"4.8","termin":"30.01.2019","desc":"<p>Синоптичка Метеоролошка станица Вишеград</p><p>Термин:30.01.2019</p><p>Мин. температура:  1 C°</p><p> Макс. Температура: 4.8 C°"},
{"StationID":"14663","StationName":"Рудо","lon":"19.36972","lat":"43.61833","alt":"413.00","MinTemp":"0.7","MaxTemp":"NULL","termin":"30.01.2019","desc":"<p>Синоптичка Метеоролошка станица Рудо</p><p>Термин:30.01.2019</p><p>Мин. температура:  0.7 C°</p><p> Макс. Температура:  C°"}
]}
