{"TemperatureTrenutne":[
{"StationID":"14538","StationName":"Србац","lon":"17.52167","lat":"45.10417","alt":"102.00","TrenutnaTemp":"1.1","termin":"30.1.2019 13:00","desc":"0003.png"},
{"StationID":"14659","StationName":"Калиновик","lon":"18.4463806","lat":"43.5045722","alt":"1070.00","TrenutnaTemp":"-2.2","termin":"30.1.2019 7:00","desc":"-50.png"},
{"StationID":"14545","StationName":"Мркоњић Град","lon":"17.08361","lat":"44.41861","alt":"575.00","TrenutnaTemp":"-1.6","termin":"30.1.2019 7:00","desc":"-50.png"},
{"StationID":"14649","StationName":"Невесиње","lon":"18.104722","lat":"43.2975","alt":"847.00","TrenutnaTemp":"-2","termin":"30.1.2019 7:00","desc":"-50.png"},
{"StationID":"14665","StationName":"Фоча","lon":"18.785278","lat":"43.517222","alt":"412.00","TrenutnaTemp":"1.9","termin":"30.1.2019 7:00","desc":"0003.png"},
{"StationID":"14531","StationName":"Рибник","lon":"16.815","lat":"44.40667","alt":"305.00","TrenutnaTemp":"0.1","termin":"30.1.2019 7:00","desc":"0003.png"},
{"StationID":"14662","StationName":"Вишеград","lon":"19.295","lat":"43.79639","alt":"416.00","TrenutnaTemp":"1.2","termin":"30.1.2019 7:00","desc":"0003.png"},
{"StationID":"14667","StationName":"Билећа","lon":"18.42472","lat":"42.86778","alt":"443.00","TrenutnaTemp":"-2.2","termin":"30.1.2019 8:00","desc":"-50.png"},
{"StationID":"14534","StationName":"Мраковица","lon":"16.915","lat":"45.011944","alt":"766.00","TrenutnaTemp":"-2.9","termin":"30.1.2019 7:00","desc":"-50.png"},
{"StationID":"14663","StationName":"Рудо","lon":"19.36972","lat":"43.61833","alt":"413.00","TrenutnaTemp":"0.9","termin":"30.1.2019 7:00","desc":"0003.png"},
{"StationID":"14563","StationName":"Зворник","lon":"19.15","lat":"44.433333","alt":"146.00","TrenutnaTemp":"1.4","termin":"30.1.2019 7:00","desc":"0003.png"},
{"StationID":"14539","StationName":"Градишка","lon":"17.256389","lat":"45.140833","alt":"102.00","TrenutnaTemp":"3.5","termin":"30.1.2019 7:00","desc":"0306.png"},
{"StationID":"14547","StationName":"Шипово","lon":"17.084722","lat":"44.288611","alt":"458.00","TrenutnaTemp":"-0.8","termin":"30.1.2019 7:00","desc":"-50.png"},
{"StationID":"14661","StationName":"Рогатица","lon":"0","lat":"0","alt":"0.00","TrenutnaTemp":"15","termin":"30.1.2019 7:00","desc":"1215.png"},
{"StationID":"14535","StationName":"Нови Град","lon":"16.38444","lat":"45.05056","alt":"134.00","TrenutnaTemp":"0.8","termin":"30.1.2019 7:00","desc":"0003.png"},
{"StationID":"14564","StationName":"Сребреница","lon":"19.3","lat":"44.0833","alt":"377.00","TrenutnaTemp":"0.5","termin":"30.1.2019 8:00","desc":"0003.png"},
{"StationID":"14658","StationName":"Соколац","lon":"18.78917","lat":"43.92611","alt":"913.00","TrenutnaTemp":"-1.7","termin":"30.1.2019 8:00","desc":"-50.png"},
{"StationID":"14542","StationName":"Бањалука","lon":"17.21278","lat":"44.80806","alt":"153.00","TrenutnaTemp":"0.4","termin":"30.1.2019 8:00","desc":"0003.png"},
{"StationID":"14551","StationName":"Добој","lon":"18.095","lat":"44.73861","alt":"147.00","TrenutnaTemp":"1.2","termin":"30.1.2019 8:00","desc":"0003.png"},
{"StationID":"14530","StationName":"Дринић","lon":"16.46722","lat":"44.51083","alt":"730.00","TrenutnaTemp":"-4.7","termin":"30.1.2019 7:00","desc":"-50.png"},
{"StationID":"14562","StationName":"Бијељина","lon":"19.20111","lat":"44.75611","alt":"97.00","TrenutnaTemp":"0.4","termin":"30.1.2019 8:00","desc":"0003.png"},
{"StationID":"14655","StationName":"Гацко","lon":"18.515833","lat":"43.174167","alt":"947.00","TrenutnaTemp":"-4","termin":"30.1.2019 7:00","desc":"-50.png"},
{"StationID":"14565","StationName":"Хан Пијесак","lon":"18.95167","lat":"44.08833","alt":"1138.00","TrenutnaTemp":"-3.4","termin":"30.1.2019 8:00","desc":"-50.png"},
{"StationID":"14668","StationName":"Требиње","lon":"18.344287","lat":"42.713946","alt":"300.00","TrenutnaTemp":"1.6","termin":"30.1.2019 7:00","desc":"0003.png"},
{"StationID":"14536","StationName":"Приједор","lon":"16.72111","lat":"44.97556","alt":"141.00","TrenutnaTemp":"0.7","termin":"30.1.2019 7:00","desc":"0003.png"},
{"StationID":"14656","StationName":"Чемерно","lon":"18.61222","lat":"43.25444","alt":"1304.00","TrenutnaTemp":"-4.1","termin":"30.1.2019 8:00","desc":"-50.png"},
{"StationID":"14532","StationName":"Источни Дрвар","lon":"0","lat":"0","alt":"0.00","TrenutnaTemp":"-5","termin":"30.1.2019 7:00","desc":"-10-5.png"},
{"StationID":"14533","StationName":"Мљечаница","lon":"0","lat":"0","alt":"0.00","TrenutnaTemp":"0","termin":"30.1.2019 7:00","desc":"-50.png"},
{"StationID":"14547","StationName":"Шипово","lon":"17.084722","lat":"44.288611","alt":"458.00","TrenutnaTemp":"-0.8","termin":"30.1.2019 7:00","desc":"-50.png"}
]}
