{"Vjetar":[
{"StationID":"14538","StationName":"Србац","lat":"45.10417","lon":"17.52167","alt":"102.00","brzinaVjetra":"0","latSmjer":"Tisina","cirSmjer":"Тишина","termin":"30.1.2019 13:00","desc":"<p>Синоптичка Метеоролошка станица Србац</p><p>Термин:30.1.2019 13:00</p><p><a href='http://hidrometeo.3stepsict.com/jQPlot/dist/examples/vjetarBrzina.php?id=14538'>Брзина вјетра:  0 m/s </a></p><p><a href='http://hidrometeo.3stepsict.com/jQPlot/dist/examples/smjerBrzina.php?id=14538'>Смјер вјетра:  Тишина ( Tisina ) </p>","marker":"00.png"},
{"StationID":"14659","StationName":"Калиновик","lat":"43.5045722","lon":"18.4463806","alt":"1070.00","brzinaVjetra":"0","latSmjer":"Tisina","cirSmjer":"Тишина","termin":"30.1.2019 7:00","desc":"<p>Синоптичка Метеоролошка станица Калиновик</p><p>Термин:30.1.2019 7:00</p><p><a href='http://hidrometeo.3stepsict.com/jQPlot/dist/examples/vjetarBrzina.php?id=14659'>Брзина вјетра:  0 m/s </a></p><p><a href='http://hidrometeo.3stepsict.com/jQPlot/dist/examples/smjerBrzina.php?id=14659'>Смјер вјетра:  Тишина ( Tisina ) </p>","marker":"00.png"},
{"StationID":"14545","StationName":"Мркоњић Град","lat":"44.41861","lon":"17.08361","alt":"575.00","brzinaVjetra":"1","latSmjer":"NW","cirSmjer":"СЗ","termin":"30.1.2019 7:00","desc":"<p>Синоптичка Метеоролошка станица Мркоњић Град</p><p>Термин:30.1.2019 7:00</p><p><a href='http://hidrometeo.3stepsict.com/jQPlot/dist/examples/vjetarBrzina.php?id=14545'>Брзина вјетра:  1 m/s </a></p><p><a href='http://hidrometeo.3stepsict.com/jQPlot/dist/examples/smjerBrzina.php?id=14545'>Смјер вјетра:  СЗ ( NW ) </p>","marker":"32.png"},
{"StationID":"14649","StationName":"Невесиње","lat":"43.2975","lon":"18.104722","alt":"847.00","brzinaVjetra":"2","latSmjer":"NE","cirSmjer":"СИ","termin":"30.1.2019 7:00","desc":"<p>Синоптичка Метеоролошка станица Невесиње</p><p>Термин:30.1.2019 7:00</p><p><a href='http://hidrometeo.3stepsict.com/jQPlot/dist/examples/vjetarBrzina.php?id=14649'>Брзина вјетра:  2 m/s </a></p><p><a href='http://hidrometeo.3stepsict.com/jQPlot/dist/examples/smjerBrzina.php?id=14649'>Смјер вјетра:  СИ ( NE ) </p>","marker":"36.png"},
{"StationID":"14665","StationName":"Фоча","lat":"43.517222","lon":"18.785278","alt":"412.00","brzinaVjetra":"0","latSmjer":"Tisina","cirSmjer":"Тишина","termin":"30.1.2019 7:00","desc":"<p>Синоптичка Метеоролошка станица Фоча</p><p>Термин:30.1.2019 7:00</p><p><a href='http://hidrometeo.3stepsict.com/jQPlot/dist/examples/vjetarBrzina.php?id=14665'>Брзина вјетра:  0 m/s </a></p><p><a href='http://hidrometeo.3stepsict.com/jQPlot/dist/examples/smjerBrzina.php?id=14665'>Смјер вјетра:  Тишина ( Tisina ) </p>","marker":"00.png"},
{"StationID":"14531","StationName":"Рибник","lat":"44.40667","lon":"16.815","alt":"305.00","brzinaVjetra":"0","latSmjer":"Tisina","cirSmjer":"Тишина","termin":"30.1.2019 7:00","desc":"<p>Синоптичка Метеоролошка станица Рибник</p><p>Термин:30.1.2019 7:00</p><p><a href='http://hidrometeo.3stepsict.com/jQPlot/dist/examples/vjetarBrzina.php?id=14531'>Брзина вјетра:  0 m/s </a></p><p><a href='http://hidrometeo.3stepsict.com/jQPlot/dist/examples/smjerBrzina.php?id=14531'>Смјер вјетра:  Тишина ( Tisina ) </p>","marker":"00.png"},
{"StationID":"14662","StationName":"Вишеград","lat":"43.79639","lon":"19.295","alt":"416.00","brzinaVjetra":"0","latSmjer":"Tisina","cirSmjer":"Тишина","termin":"30.1.2019 7:00","desc":"<p>Синоптичка Метеоролошка станица Вишеград</p><p>Термин:30.1.2019 7:00</p><p><a href='http://hidrometeo.3stepsict.com/jQPlot/dist/examples/vjetarBrzina.php?id=14662'>Брзина вјетра:  0 m/s </a></p><p><a href='http://hidrometeo.3stepsict.com/jQPlot/dist/examples/smjerBrzina.php?id=14662'>Смјер вјетра:  Тишина ( Tisina ) </p>","marker":"00.png"},
{"StationID":"14667","StationName":"Билећа","lat":"42.86778","lon":"18.42472","alt":"443.00","brzinaVjetra":"0","latSmjer":"Tisina","cirSmjer":"Тишина","termin":"30.1.2019 8:00","desc":"<p>Синоптичка Метеоролошка станица Билећа</p><p>Термин:30.1.2019 8:00</p><p><a href='http://hidrometeo.3stepsict.com/jQPlot/dist/examples/vjetarBrzina.php?id=14667'>Брзина вјетра:  0 m/s </a></p><p><a href='http://hidrometeo.3stepsict.com/jQPlot/dist/examples/smjerBrzina.php?id=14667'>Смјер вјетра:  Тишина ( Tisina ) </p>","marker":"00.png"},
{"StationID":"14534","StationName":"Мраковица","lat":"45.011944","lon":"16.915","alt":"766.00","brzinaVjetra":"0","latSmjer":"Tisina","cirSmjer":"Тишина","termin":"30.1.2019 7:00","desc":"<p>Синоптичка Метеоролошка станица Мраковица</p><p>Термин:30.1.2019 7:00</p><p><a href='http://hidrometeo.3stepsict.com/jQPlot/dist/examples/vjetarBrzina.php?id=14534'>Брзина вјетра:  0 m/s </a></p><p><a href='http://hidrometeo.3stepsict.com/jQPlot/dist/examples/smjerBrzina.php?id=14534'>Смјер вјетра:  Тишина ( Tisina ) </p>","marker":"00.png"},
{"StationID":"14663","StationName":"Рудо","lat":"43.61833","lon":"19.36972","alt":"413.00","brzinaVjetra":"0","latSmjer":"Tisina","cirSmjer":"Тишина","termin":"30.1.2019 7:00","desc":"<p>Синоптичка Метеоролошка станица Рудо</p><p>Термин:30.1.2019 7:00</p><p><a href='http://hidrometeo.3stepsict.com/jQPlot/dist/examples/vjetarBrzina.php?id=14663'>Брзина вјетра:  0 m/s </a></p><p><a href='http://hidrometeo.3stepsict.com/jQPlot/dist/examples/smjerBrzina.php?id=14663'>Смјер вјетра:  Тишина ( Tisina ) </p>","marker":"00.png"},
{"StationID":"14563","StationName":"Зворник","lat":"44.433333","lon":"19.15","alt":"146.00","brzinaVjetra":"0","latSmjer":"Tisina","cirSmjer":"Тишина","termin":"30.1.2019 7:00","desc":"<p>Синоптичка Метеоролошка станица Зворник</p><p>Термин:30.1.2019 7:00</p><p><a href='http://hidrometeo.3stepsict.com/jQPlot/dist/examples/vjetarBrzina.php?id=14563'>Брзина вјетра:  0 m/s </a></p><p><a href='http://hidrometeo.3stepsict.com/jQPlot/dist/examples/smjerBrzina.php?id=14563'>Смјер вјетра:  Тишина ( Tisina ) </p>","marker":"00.png"},
{"StationID":"14539","StationName":"Градишка","lat":"45.140833","lon":"17.256389","alt":"102.00","brzinaVjetra":"2","latSmjer":"NE","cirSmjer":"СИ","termin":"30.1.2019 7:00","desc":"<p>Синоптичка Метеоролошка станица Градишка</p><p>Термин:30.1.2019 7:00</p><p><a href='http://hidrometeo.3stepsict.com/jQPlot/dist/examples/vjetarBrzina.php?id=14539'>Брзина вјетра:  2 m/s </a></p><p><a href='http://hidrometeo.3stepsict.com/jQPlot/dist/examples/smjerBrzina.php?id=14539'>Смјер вјетра:  СИ ( NE ) </p>","marker":"05.png"},
{"StationID":"14535","StationName":"Нови Град","lat":"45.05056","lon":"16.38444","alt":"134.00","brzinaVjetra":"0","latSmjer":"Tisina","cirSmjer":"Тишина","termin":"30.1.2019 7:00","desc":"<p>Синоптичка Метеоролошка станица Нови Град</p><p>Термин:30.1.2019 7:00</p><p><a href='http://hidrometeo.3stepsict.com/jQPlot/dist/examples/vjetarBrzina.php?id=14535'>Брзина вјетра:  0 m/s </a></p><p><a href='http://hidrometeo.3stepsict.com/jQPlot/dist/examples/smjerBrzina.php?id=14535'>Смјер вјетра:  Тишина ( Tisina ) </p>","marker":"00.png"},
{"StationID":"14564","StationName":"Сребреница","lat":"44.0833","lon":"19.3","alt":"377.00","brzinaVjetra":"1","latSmjer":"NE","cirSmjer":"СИ","termin":"30.1.2019 8:00","desc":"<p>Синоптичка Метеоролошка станица Сребреница</p><p>Термин:30.1.2019 8:00</p><p><a href='http://hidrometeo.3stepsict.com/jQPlot/dist/examples/vjetarBrzina.php?id=14564'>Брзина вјетра:  1 m/s </a></p><p><a href='http://hidrometeo.3stepsict.com/jQPlot/dist/examples/smjerBrzina.php?id=14564'>Смјер вјетра:  СИ ( NE ) </p>","marker":"36.png"},
{"StationID":"14658","StationName":"Соколац","lat":"43.92611","lon":"18.78917","alt":"913.00","brzinaVjetra":"0","latSmjer":"Tisina","cirSmjer":"Тишина","termin":"30.1.2019 8:00","desc":"<p>Синоптичка Метеоролошка станица Соколац</p><p>Термин:30.1.2019 8:00</p><p><a href='http://hidrometeo.3stepsict.com/jQPlot/dist/examples/vjetarBrzina.php?id=14658'>Брзина вјетра:  0 m/s </a></p><p><a href='http://hidrometeo.3stepsict.com/jQPlot/dist/examples/smjerBrzina.php?id=14658'>Смјер вјетра:  Тишина ( Tisina ) </p>","marker":"00.png"},
{"StationID":"14542","StationName":"Бањалука","lat":"44.80806","lon":"17.21278","alt":"153.00","brzinaVjetra":"0","latSmjer":"Tisina","cirSmjer":"Тишина","termin":"30.1.2019 8:00","desc":"<p>Синоптичка Метеоролошка станица Бањалука</p><p>Термин:30.1.2019 8:00</p><p><a href='http://hidrometeo.3stepsict.com/jQPlot/dist/examples/vjetarBrzina.php?id=14542'>Брзина вјетра:  0 m/s </a></p><p><a href='http://hidrometeo.3stepsict.com/jQPlot/dist/examples/smjerBrzina.php?id=14542'>Смјер вјетра:  Тишина ( Tisina ) </p>","marker":"00.png"},
{"StationID":"14551","StationName":"Добој","lat":"44.73861","lon":"18.095","alt":"147.00","brzinaVjetra":"1","latSmjer":"S","cirSmjer":"Ј","termin":"30.1.2019 8:00","desc":"<p>Синоптичка Метеоролошка станица Добој</p><p>Термин:30.1.2019 8:00</p><p><a href='http://hidrometeo.3stepsict.com/jQPlot/dist/examples/vjetarBrzina.php?id=14551'>Брзина вјетра:  1 m/s </a></p><p><a href='http://hidrometeo.3stepsict.com/jQPlot/dist/examples/smjerBrzina.php?id=14551'>Смјер вјетра:  Ј ( S ) </p>","marker":"18.png"},
{"StationID":"14530","StationName":"Дринић","lat":"44.51083","lon":"16.46722","alt":"730.00","brzinaVjetra":"0","latSmjer":"Tisina","cirSmjer":"Тишина","termin":"30.1.2019 7:00","desc":"<p>Синоптичка Метеоролошка станица Дринић</p><p>Термин:30.1.2019 7:00</p><p><a href='http://hidrometeo.3stepsict.com/jQPlot/dist/examples/vjetarBrzina.php?id=14530'>Брзина вјетра:  0 m/s </a></p><p><a href='http://hidrometeo.3stepsict.com/jQPlot/dist/examples/smjerBrzina.php?id=14530'>Смјер вјетра:  Тишина ( Tisina ) </p>","marker":"00.png"},
{"StationID":"14562","StationName":"Бијељина","lat":"44.75611","lon":"19.20111","alt":"97.00","brzinaVjetra":"0","latSmjer":"Tisina","cirSmjer":"Тишина","termin":"30.1.2019 8:00","desc":"<p>Синоптичка Метеоролошка станица Бијељина</p><p>Термин:30.1.2019 8:00</p><p><a href='http://hidrometeo.3stepsict.com/jQPlot/dist/examples/vjetarBrzina.php?id=14562'>Брзина вјетра:  0 m/s </a></p><p><a href='http://hidrometeo.3stepsict.com/jQPlot/dist/examples/smjerBrzina.php?id=14562'>Смјер вјетра:  Тишина ( Tisina ) </p>","marker":"00.png"},
{"StationID":"14655","StationName":"Гацко","lat":"43.174167","lon":"18.515833","alt":"947.00","brzinaVjetra":"0","latSmjer":"Tisina","cirSmjer":"Тишина","termin":"30.1.2019 7:00","desc":"<p>Синоптичка Метеоролошка станица Гацко</p><p>Термин:30.1.2019 7:00</p><p><a href='http://hidrometeo.3stepsict.com/jQPlot/dist/examples/vjetarBrzina.php?id=14655'>Брзина вјетра:  0 m/s </a></p><p><a href='http://hidrometeo.3stepsict.com/jQPlot/dist/examples/smjerBrzina.php?id=14655'>Смјер вјетра:  Тишина ( Tisina ) </p>","marker":"00.png"},
{"StationID":"14565","StationName":"Хан Пијесак","lat":"44.08833","lon":"18.95167","alt":"1138.00","brzinaVjetra":"0","latSmjer":"Tisina","cirSmjer":"Тишина","termin":"30.1.2019 8:00","desc":"<p>Синоптичка Метеоролошка станица Хан Пијесак</p><p>Термин:30.1.2019 8:00</p><p><a href='http://hidrometeo.3stepsict.com/jQPlot/dist/examples/vjetarBrzina.php?id=14565'>Брзина вјетра:  0 m/s </a></p><p><a href='http://hidrometeo.3stepsict.com/jQPlot/dist/examples/smjerBrzina.php?id=14565'>Смјер вјетра:  Тишина ( Tisina ) </p>","marker":"00.png"},
{"StationID":"14668","StationName":"Требиње","lat":"42.713946","lon":"18.344287","alt":"300.00","brzinaVjetra":"2","latSmjer":"NE","cirSmjer":"СИ","termin":"30.1.2019 7:00","desc":"<p>Синоптичка Метеоролошка станица Требиње</p><p>Термин:30.1.2019 7:00</p><p><a href='http://hidrometeo.3stepsict.com/jQPlot/dist/examples/vjetarBrzina.php?id=14668'>Брзина вјетра:  2 m/s </a></p><p><a href='http://hidrometeo.3stepsict.com/jQPlot/dist/examples/smjerBrzina.php?id=14668'>Смјер вјетра:  СИ ( NE ) </p>","marker":"36.png"},
{"StationID":"14536","StationName":"Приједор","lat":"44.97556","lon":"16.72111","alt":"141.00","brzinaVjetra":"0","latSmjer":"Tisina","cirSmjer":"Тишина","termin":"30.1.2019 7:00","desc":"<p>Синоптичка Метеоролошка станица Приједор</p><p>Термин:30.1.2019 7:00</p><p><a href='http://hidrometeo.3stepsict.com/jQPlot/dist/examples/vjetarBrzina.php?id=14536'>Брзина вјетра:  0 m/s </a></p><p><a href='http://hidrometeo.3stepsict.com/jQPlot/dist/examples/smjerBrzina.php?id=14536'>Смјер вјетра:  Тишина ( Tisina ) </p>","marker":"00.png"},
{"StationID":"14656","StationName":"Чемерно","lat":"43.25444","lon":"18.61222","alt":"1304.00","brzinaVjetra":"0","latSmjer":"Tisina","cirSmjer":"Тишина","termin":"30.1.2019 8:00","desc":"<p>Синоптичка Метеоролошка станица Чемерно</p><p>Термин:30.1.2019 8:00</p><p><a href='http://hidrometeo.3stepsict.com/jQPlot/dist/examples/vjetarBrzina.php?id=14656'>Брзина вјетра:  0 m/s </a></p><p><a href='http://hidrometeo.3stepsict.com/jQPlot/dist/examples/smjerBrzina.php?id=14656'>Смјер вјетра:  Тишина ( Tisina ) </p>","marker":"00.png"},
{"StationID":"14532","StationName":"Источни Дрвар","lat":"0","lon":"0","alt":"0.00","brzinaVjetra":"0","latSmjer":"Tisina","cirSmjer":"Тишина","termin":"30.1.2019 7:00","desc":"<p>Синоптичка Метеоролошка станица Источни Дрвар</p><p>Термин:30.1.2019 7:00</p><p><a href='http://hidrometeo.3stepsict.com/jQPlot/dist/examples/vjetarBrzina.php?id=14532'>Брзина вјетра:  0 m/s </a></p><p><a href='http://hidrometeo.3stepsict.com/jQPlot/dist/examples/smjerBrzina.php?id=14532'>Смјер вјетра:  Тишина ( Tisina ) </p>","marker":"00.png"}
]}
