{
    "EkoPodaci":[
        {
            "StationID":"BanjaLuka",
            "StationName":"\u0411\u0430\u045a\u0430 \u041b\u0443\u043a\u0430",
            "lon":"17.20496",
            "lat":"44.79804",
            "alt":"163",
            "termin":"30-Mar-22 12:00:00",
            "temperatura":"17.3787",
            "vlaznost":"36.9441",
            "pritisak":"N\/a",
            "suncevoZracenje":"N\/a",
            "padavine":"0",
            "brzinaVjetra":"N\/a",
            "smjerVjetra":"N\/a",
            "O3":"84.8894",
            "CO":"0.25977504",
            "SO2":"6.7194526",
            "NO":"3.9137125",
            "NO2":"13.739203",
            "NOx":"19.726289",
            "PM10":"59.035",
            "PM25":"20.792",
            "desc":"<p>\u0415\u043a\u043e \u0430\u0443\u0442\u043e\u043c\u0430\u0442\u0441\u043a\u0430 \u0441\u0442\u0430\u043d\u0438\u0446\u0430 \u0437\u0430 \u043c\u0458\u0435\u0440\u0435\u045a\u0435 \u043a\u0432\u0430\u043b\u0438\u0442\u0435\u0442\u0430 \u0432\u0430\u0437\u0434\u0443\u0445\u0430 <b>\u0411\u0430\u045a\u0430 \u041b\u0443\u043a\u0430<\/b><\/p><p>\u0422\u0435\u0440\u043c\u0438\u043d: 30-Mar-22 12:00:00<\/p><p><a href='http:\/\/81.93.72.16\/dist\/examples\/o3.php' target='_blank'>O<sub>3<\/sub> (O\u0437\u043e\u043d): 84.8894 ug\/m<sup>3<\/sup><\/a><\/p><p><a href='http:\/\/81.93.72.16\/dist\/examples\/CO.php' target='_blank'>CO (\u0423\u0433\u0459\u0435\u043d-\u043c\u043e\u043d\u043e\u043a\u0441\u0438\u0434):0.25977504 mg\/m<sup>3<\/sup><\/a><\/p><p><a href='http:\/\/81.93.72.16\/dist\/examples\/so2.php' target='_blank'>SO<sub>2<\/sub> (\u0421\u0443\u043c\u043f\u043e\u0440-\u0434\u0438\u043e\u043a\u0441\u0438\u0434): 6.7194526 ug\/m<sup>3<\/sup><\/a><\/p><p><a href='http:\/\/81.93.72.16\/dist\/examples\/no.php' target='_blank'>NO (\u0410\u0437\u043e\u0442-\u043c\u043e\u043d\u043e\u043a\u0441\u0438\u0434): 3.9137125 ug\/m<sup>3<\/sup><\/a><\/p><p><a href='http:\/\/81.93.72.16\/dist\/examples\/no2.php' target='_blank'>NO<sub>2<\/sub> (\u0410\u0437\u043e\u0442-\u0434\u0438\u043e\u043a\u0441\u0438\u0434): 13.739203 ug\/m<sup>3<\/sup><\/a><\/p><p><a href='http:\/\/81.93.72.16\/dist\/examples\/nox.php' target='_blank'>NOx (\u0410\u0437\u043e\u0442\u043d\u0438 \u043e\u043a\u0441\u0438\u0434\u0438): 19.726289 ug\/m<sup>3<\/sup><\/a><\/p><p><a href='http:\/\/81.93.72.16\/dist\/examples\/pm10.php' target='_blank'>PM10 (\u0447\u0435\u0441\u0442\u0438\u0446\u0435 10 ug): (59.035) ug\/m<sup>3<\/sup><\/a><\/p><p><a href='http:\/\/81.93.72.16\/dist\/examples\/pm25.php' target='_blank'>PM25 (\u0447\u0435\u0441\u0442\u0438\u0446\u0435 2.5 ug):  20.792 ug\/m<sup>3<\/sup><\/a><\/p>"
        },
        {
            "StationID":"Trebinje",
            "StationName":"\u0422\u0440\u0435\u0431\u0438\u045a\u0435",
            "lon":"18.33418",
            "lat":"42.71408",
            "alt":"275",
            "termin":"30-Mar-22 12:00:00",
            "temperatura":"15.0256",
            "vlaznost":"40.6424",
            "pritisak":"N\/a",
            "suncevoZracenje":"N\/a",
            "padavine":"0",
            "brzinaVjetra":"6.295",
            "smjerVjetra":"311.135",
            "O3":"88.3644",
            "CO":"0.17010124",
            "SO2":"5.9011302",
            "NO":"0.7270875",
            "NO2":"6.1308326",
            "NOx":"7.2349081",
            "PM10":"68.995",
            "PM25":"23.575",
            "desc":"<p>\u0415\u043a\u043e \u0430\u0443\u0442\u043e\u043c\u0430\u0442\u0441\u043a\u0430 \u0441\u0442\u0430\u043d\u0438\u0446\u0430 \u0437\u0430 \u043c\u0458\u0435\u0440\u0435\u045a\u0435 \u043a\u0432\u0430\u043b\u0438\u0442\u0435\u0442\u0430 \u0432\u0430\u0437\u0434\u0443\u0445\u0430 <b>\u0422\u0440\u0435\u0431\u0438\u045a\u0435<\/b><\/p><p>\u0422\u0435\u0440\u043c\u0438\u043d: 30-Mar-22 12:00:00<\/p><p><a href='http:\/\/81.93.72.16\/dist\/examples\/o3.php' target='_blank'>O<sub>3<\/sub> (O\u0437\u043e\u043d): 88.3644 ug\/m<sup>3<\/sup><\/a><\/p><p><a href='http:\/\/81.93.72.16\/dist\/examples\/CO.php' target='_blank'>CO (\u0423\u0433\u0459\u0435\u043d-\u043c\u043e\u043d\u043e\u043a\u0441\u0438\u0434):0.17010124 mg\/m<sup>3<\/sup><\/a><\/p><p><a href='http:\/\/81.93.72.16\/dist\/examples\/so2.php' target='_blank'>SO<sub>2<\/sub> (\u0421\u0443\u043c\u043f\u043e\u0440-\u0434\u0438\u043e\u043a\u0441\u0438\u0434): 5.9011302 ug\/m<sup>3<\/sup><\/a><\/p><p><a href='http:\/\/81.93.72.16\/dist\/examples\/no.php' target='_blank'>NO (\u0410\u0437\u043e\u0442-\u043c\u043e\u043d\u043e\u043a\u0441\u0438\u0434): 0.7270875 ug\/m<sup>3<\/sup><\/a><\/p><p><a href='http:\/\/81.93.72.16\/dist\/examples\/no2.php' target='_blank'>NO<sub>2<\/sub> (\u0410\u0437\u043e\u0442-\u0434\u0438\u043e\u043a\u0441\u0438\u0434): 6.1308326 ug\/m<sup>3<\/sup><\/a><\/p><p><a href='http:\/\/81.93.72.16\/dist\/examples\/nox.php' target='_blank'>NOx (\u0410\u0437\u043e\u0442\u043d\u0438 \u043e\u043a\u0441\u0438\u0434\u0438): 7.2349081 ug\/m<sup>3<\/sup><\/a><\/p><p><a href='http:\/\/81.93.72.16\/dist\/examples\/pm10.php' target='_blank'>PM10 (\u0447\u0435\u0441\u0442\u0438\u0446\u0435 10 ug): (68.995) ug\/m<sup>3<\/sup><\/a><\/p><p><a href='http:\/\/81.93.72.16\/dist\/examples\/pm25.php' target='_blank'>PM25 (\u0447\u0435\u0441\u0442\u0438\u0446\u0435 2.5 ug):  23.575 ug\/m<sup>3<\/sup><\/a><\/p>"
        },
        {
            "StationID":"Doboj",
            "StationName":"\u0414\u043e\u0431\u043e\u0458",
            "lon":"18.08894",
            "lat":"44.72629",
            "alt":"143",
            "termin":"30-Mar-22 12:00:00",
            "temperatura":"N\/a",
            "vlaznost":"N\/a",
            "pritisak":"N\/a",
            "suncevoZracenje":"N\/a",
            "padavine":"0",
            "brzinaVjetra":"N\/a",
            "smjerVjetra":"N\/a",
            "O3":"N\/a",
            "CO":"N\/a",
            "SO2":"N\/a",
            "NO":"N\/a",
            "NO2":"N\/a",
            "NOx":"N\/a",
            "PM10":"N\/a",
            "PM25":"N\/a",
            "desc":"<p>\u0415\u043a\u043e \u0430\u0443\u0442\u043e\u043c\u0430\u0442\u0441\u043a\u0430 \u0441\u0442\u0430\u043d\u0438\u0446\u0430 \u0437\u0430 \u043c\u0458\u0435\u0440\u0435\u045a\u0435 \u043a\u0432\u0430\u043b\u0438\u0442\u0435\u0442\u0430 \u0432\u0430\u0437\u0434\u0443\u0445\u0430 <b>\u0414\u043e\u0431\u043e\u0458<\/b><\/p><p>\u0422\u0435\u0440\u043c\u0438\u043d: 30-Mar-22 12:00:00<\/p><p><a href='http:\/\/81.93.72.16\/dist\/examples\/o3.php' target='_blank'>O<sub>3<\/sub> (O\u0437\u043e\u043d): N\/a ug\/m<sup>3<\/sup><\/a><\/p><p><a href='http:\/\/81.93.72.16\/dist\/examples\/CO.php' target='_blank'>CO (\u0423\u0433\u0459\u0435\u043d-\u043c\u043e\u043d\u043e\u043a\u0441\u0438\u0434):N\/a mg\/m<sup>3<\/sup><\/a><\/p><p><a href='http:\/\/81.93.72.16\/dist\/examples\/so2.php' target='_blank'>SO<sub>2<\/sub> (\u0421\u0443\u043c\u043f\u043e\u0440-\u0434\u0438\u043e\u043a\u0441\u0438\u0434): N\/a ug\/m<sup>3<\/sup><\/a><\/p><p><a href='http:\/\/81.93.72.16\/dist\/examples\/no.php' target='_blank'>NO (\u0410\u0437\u043e\u0442-\u043c\u043e\u043d\u043e\u043a\u0441\u0438\u0434): N\/a ug\/m<sup>3<\/sup><\/a><\/p><p><a href='http:\/\/81.93.72.16\/dist\/examples\/no2.php' target='_blank'>NO<sub>2<\/sub> (\u0410\u0437\u043e\u0442-\u0434\u0438\u043e\u043a\u0441\u0438\u0434): N\/a ug\/m<sup>3<\/sup><\/a><\/p><p><a href='http:\/\/81.93.72.16\/dist\/examples\/nox.php' target='_blank'>NOx (\u0410\u0437\u043e\u0442\u043d\u0438 \u043e\u043a\u0441\u0438\u0434\u0438): N\/a ug\/m<sup>3<\/sup><\/a><\/p><p><a href='http:\/\/81.93.72.16\/dist\/examples\/pm10.php' target='_blank'>PM10 (\u0447\u0435\u0441\u0442\u0438\u0446\u0435 10 ug): (N\/a) ug\/m<sup>3<\/sup><\/a><\/p><p><a href='http:\/\/81.93.72.16\/dist\/examples\/pm25.php' target='_blank'>PM25 (\u0447\u0435\u0441\u0442\u0438\u0446\u0435 2.5 ug):  N\/a ug\/m<sup>3<\/sup><\/a><\/p>"
        },
        {
            "StationID":"Gacko",
            "StationName":"\u0413\u0430\u0446\u043a\u043e",
            "lon":"18.535791",
            "lat":"43.16458",
            "alt":"940",
            "termin":"30-Mar-22 12:00:00",
            "temperatura":"10.08\n",
            "vlaznost":"N\/a",
            "pritisak":"901.16\n",
            "suncevoZracenje":"N\/a",
            "padavine":"0",
            "brzinaVjetra":"2.03\n",
            "smjerVjetra":"148.94\n",
            "O3":"N\/a",
            "CO":"N\/a",
            "SO2":"14.75\n",
            "NO":"-1.15\n",
            "NO2":"2.14\n",
            "NOx":"0.34\n",
            "PM10":"31.34\n",
            "PM25":"N\/a",
            "desc":"<p>\u0415\u043a\u043e \u0430\u0443\u0442\u043e\u043c\u0430\u0442\u0441\u043a\u0430 \u0441\u0442\u0430\u043d\u0438\u0446\u0430 \u0437\u0430 \u043c\u0458\u0435\u0440\u0435\u045a\u0435 \u043a\u0432\u0430\u043b\u0438\u0442\u0435\u0442\u0430 \u0432\u0430\u0437\u0434\u0443\u0445\u0430 <b>\u0413\u0430\u0446\u043a\u043e<\/b><\/p><p>\u0422\u0435\u0440\u043c\u0438\u043d: 30-Mar-22 12:00:00<\/p><p><a href='http:\/\/81.93.72.16\/dist\/examples\/o3.php' target='_blank'>O<sub>3<\/sub> (O\u0437\u043e\u043d):  ug\/m<sup>3<\/sup><\/a><\/p><p><a href='http:\/\/81.93.72.16\/dist\/examples\/CO.php' target='_blank'>CO (\u0423\u0433\u0459\u0435\u043d-\u043c\u043e\u043d\u043e\u043a\u0441\u0438\u0434): mg\/m<sup>3<\/sup><\/a><\/p><p><a href='http:\/\/81.93.72.16\/dist\/examples\/so2.php' target='_blank'>SO<sub>2<\/sub> (\u0421\u0443\u043c\u043f\u043e\u0440-\u0434\u0438\u043e\u043a\u0441\u0438\u0434): 14.75\n ug\/m<sup>3<\/sup><\/a><\/p><p><a href='http:\/\/81.93.72.16\/dist\/examples\/no.php' target='_blank'>NO (\u0410\u0437\u043e\u0442-\u043c\u043e\u043d\u043e\u043a\u0441\u0438\u0434): -1.15\n ug\/m<sup>3<\/sup><\/a><\/p><p><a href='http:\/\/81.93.72.16\/dist\/examples\/no2.php' target='_blank'>NO<sub>2<\/sub> (\u0410\u0437\u043e\u0442-\u0434\u0438\u043e\u043a\u0441\u0438\u0434): 2.14\n ug\/m<sup>3<\/sup><\/a><\/p><p><a href='http:\/\/81.93.72.16\/dist\/examples\/nox.php' target='_blank'>NOx (\u0410\u0437\u043e\u0442\u043d\u0438 \u043e\u043a\u0441\u0438\u0434\u0438): 0.34\n ug\/m<sup>3<\/sup><\/a><\/p><p><a href='http:\/\/81.93.72.16\/dist\/examples\/pm10.php' target='_blank'>PM10 (\u0447\u0435\u0441\u0442\u0438\u0446\u0435 10 ug): (31.34\n) ug\/m<sup>3<\/sup><\/a><\/p><p><a href='http:\/\/81.93.72.16\/dist\/examples\/pm25.php' target='_blank'>PM25 (\u0447\u0435\u0441\u0442\u0438\u0446\u0435 2.5 ug):   ug\/m<sup>3<\/sup><\/a><\/p>"
        },
        {
            "StationID":"Ugljevik",
            "StationName":"\u0423\u0433\u0459\u0435\u0432\u0438\u043a",
            "lon":"18.969576",
            "lat":"44.684038",
            "alt":"258",
            "termin":"30-Mar-22 12:00:00",
            "temperatura":"16.74\n",
            "vlaznost":"N\/a",
            "pritisak":"987.00\n",
            "suncevoZracenje":"N\/a",
            "padavine":"0",
            "brzinaVjetra":"3.30\n",
            "smjerVjetra":"190.63\n",
            "O3":"N\/a",
            "CO":"N\/a",
            "SO2":"0.00\n",
            "NO":"2.77\n",
            "NO2":"1.62\n",
            "NOx":"5.07\n",
            "PM10":"111.72\n",
            "PM25":"N\/a",
            "desc":"<p>\u0415\u043a\u043e \u0430\u0443\u0442\u043e\u043c\u0430\u0442\u0441\u043a\u0430 \u0441\u0442\u0430\u043d\u0438\u0446\u0430 \u0437\u0430 \u043c\u0458\u0435\u0440\u0435\u045a\u0435 \u043a\u0432\u0430\u043b\u0438\u0442\u0435\u0442\u0430 \u0432\u0430\u0437\u0434\u0443\u0445\u0430 <b>\u0423\u0433\u0459\u0435\u0432\u0438\u043a<\/b><\/p><p>\u0422\u0435\u0440\u043c\u0438\u043d: 30-Mar-22 12:00:00<\/p><p><a href='http:\/\/81.93.72.16\/dist\/examples\/o3.php' target='_blank'>O<sub>3<\/sub> (O\u0437\u043e\u043d):  ug\/m<sup>3<\/sup><\/a><\/p><p><a href='http:\/\/81.93.72.16\/dist\/examples\/CO.php' target='_blank'>CO (\u0423\u0433\u0459\u0435\u043d-\u043c\u043e\u043d\u043e\u043a\u0441\u0438\u0434): mg\/m<sup>3<\/sup><\/a><\/p><p><a href='http:\/\/81.93.72.16\/dist\/examples\/so2.php' target='_blank'>SO<sub>2<\/sub> (\u0421\u0443\u043c\u043f\u043e\u0440-\u0434\u0438\u043e\u043a\u0441\u0438\u0434): 0.00\n ug\/m<sup>3<\/sup><\/a><\/p><p><a href='http:\/\/81.93.72.16\/dist\/examples\/no.php' target='_blank'>NO (\u0410\u0437\u043e\u0442-\u043c\u043e\u043d\u043e\u043a\u0441\u0438\u0434): 2.77\n ug\/m<sup>3<\/sup><\/a><\/p><p><a href='http:\/\/81.93.72.16\/dist\/examples\/no2.php' target='_blank'>NO<sub>2<\/sub> (\u0410\u0437\u043e\u0442-\u0434\u0438\u043e\u043a\u0441\u0438\u0434): 1.62\n ug\/m<sup>3<\/sup><\/a><\/p><p><a href='http:\/\/81.93.72.16\/dist\/examples\/nox.php' target='_blank'>NOx (\u0410\u0437\u043e\u0442\u043d\u0438 \u043e\u043a\u0441\u0438\u0434\u0438): 5.07\n ug\/m<sup>3<\/sup><\/a><\/p><p><a href='http:\/\/81.93.72.16\/dist\/examples\/pm10.php' target='_blank'>PM10 (\u0447\u0435\u0441\u0442\u0438\u0446\u0435 10 ug): (111.72\n) ug\/m<sup>3<\/sup><\/a><\/p><p><a href='http:\/\/81.93.72.16\/dist\/examples\/pm25.php' target='_blank'>PM25 (\u0447\u0435\u0441\u0442\u0438\u0446\u0435 2.5 ug):   ug\/m<sup>3<\/sup><\/a><\/p>"
        },
        {
            "StationID":"Brod",
            "StationName":"\u0411\u0440\u043e\u0434",
            "lon":"17.984008",
            "lat":"45.128773",
            "alt":"84",
            "termin":"30-Mar-22 12:00:00",
            "temperatura":"15.97\n",
            "vlaznost":"42.45\n",
            "pritisak":"990.96\n",
            "suncevoZracenje":"N\/a",
            "padavine":"0",
            "brzinaVjetra":"0.83\n",
            "smjerVjetra":"0.05\n",
            "O3":"49.09\n",
            "CO":"0.54\n",
            "SO2":"20.48\n",
            "NO":"5.56\n",
            "NO2":"26.59\n",
            "NOx":"18.35\n",
            "PM10":"72.93\n",
            "PM25":"64.56\n",
            "desc":"<p>\u0415\u043a\u043e \u0430\u0443\u0442\u043e\u043c\u0430\u0442\u0441\u043a\u0430 \u0441\u0442\u0430\u043d\u0438\u0446\u0430 \u0437\u0430 \u043c\u0458\u0435\u0440\u0435\u045a\u0435 \u043a\u0432\u0430\u043b\u0438\u0442\u0435\u0442\u0430 \u0432\u0430\u0437\u0434\u0443\u0445\u0430 <b>\u0411\u0440\u043e\u0434<\/b><\/p><p>\u0422\u0435\u0440\u043c\u0438\u043d: 30-Mar-22 12:00:00<\/p><p><a href='http:\/\/81.93.72.16\/dist\/examples\/o3.php' target='_blank'>O<sub>3<\/sub> (O\u0437\u043e\u043d): 49.09\n ug\/m<sup>3<\/sup><\/a><\/p><p><a href='http:\/\/81.93.72.16\/dist\/examples\/CO.php' target='_blank'>CO (\u0423\u0433\u0459\u0435\u043d-\u043c\u043e\u043d\u043e\u043a\u0441\u0438\u0434):0.54\n mg\/m<sup>3<\/sup><\/a><\/p><p><a href='http:\/\/81.93.72.16\/dist\/examples\/so2.php' target='_blank'>SO<sub>2<\/sub> (\u0421\u0443\u043c\u043f\u043e\u0440-\u0434\u0438\u043e\u043a\u0441\u0438\u0434): 20.48\n ug\/m<sup>3<\/sup><\/a><\/p><p><a href='http:\/\/81.93.72.16\/dist\/examples\/no.php' target='_blank'>NO (\u0410\u0437\u043e\u0442-\u043c\u043e\u043d\u043e\u043a\u0441\u0438\u0434): 5.56\n ug\/m<sup>3<\/sup><\/a><\/p><p><a href='http:\/\/81.93.72.16\/dist\/examples\/no2.php' target='_blank'>NO<sub>2<\/sub> (\u0410\u0437\u043e\u0442-\u0434\u0438\u043e\u043a\u0441\u0438\u0434): 26.59\n ug\/m<sup>3<\/sup><\/a><\/p><p><a href='http:\/\/81.93.72.16\/dist\/examples\/nox.php' target='_blank'>NOx (\u0410\u0437\u043e\u0442\u043d\u0438 \u043e\u043a\u0441\u0438\u0434\u0438): 18.35\n ug\/m<sup>3<\/sup><\/a><\/p><p><a href='http:\/\/81.93.72.16\/dist\/examples\/pm10.php' target='_blank'>PM10 (\u0447\u0435\u0441\u0442\u0438\u0446\u0435 10 ug): (72.93\n) ug\/m<sup>3<\/sup><\/a><\/p><p><a href='http:\/\/81.93.72.16\/dist\/examples\/pm25.php' target='_blank'>PM25 (\u0447\u0435\u0441\u0442\u0438\u0446\u0435 2.5 ug):  64.56\n ug\/m<sup>3<\/sup><\/a><\/p>"
        }
    ]
}
