{"EkoStanice":[
{"StationID":"ekoBanjaLuka","StationName":"Бања Лука","alt":"248","lon":"17.174943","lat":"44.7488","desc":"Републичка мрежа мјерних мјеста; UB-Мјерно мјесто за мјерење позадинског загађења у градском подручју"},
{"StationID":"ekoBLRM","StationName":"Бања Лука","alt":"153","lon":"17.205966","lat":"44.793733","desc":"Републичка мрежа мјерних мјеста; UT-Мјерно мјесто за мјерење загађења које потиче од саобраћаја у градском подручју"},
{"StationID":"ekoPrijedor","StationName":"Приједор","alt":"133","lon":"16.712734","lat":"44.971993","desc":"Републичка мрежа мјерних мјеста; SB-Мјерно мјесто за мјерење позадинског загађења у приградском подручју"},
{"StationID":"ekoMrakovica","StationName":"Приједор (Мраковица)","alt":"777","lon":"16.912658","lat":"45.012832","desc":"Републичка мрежа мјерних мјеста; RB-Мјерно мјесто за мјерење позадинског загађења у руралном подручју"},
{"StationID":"ekoUgljevik","StationName":"Угљевик","alt":"159","lon":"18.969576","lat":"44.684038","desc":"Републичка мрежа мјерних мјеста; UI-Мјерно мјесто за мјерење загађења у индустријском подручју"},
{"StationID":"ekoBrod","StationName":"Брод","alt":"83","lon":"17.984798","lat":"45.135565","desc":"Републичка мрежа мјерних мјеста; UI-Мјерно мјесто за мјерење загађења у индустријском подручју"},
{"StationID":"ekoGacko","StationName":"Гацко","alt":"955","lon":"18.535791","lat":"43.16458","desc":"Републичка мрежа мјерних мјеста; UI-Мјерно мјесто за мјерење загађења у индустријском подручју"},
{"StationID":"ekoTrebinje","StationName":"Требиње","alt":"301","lon":"18.344264","lat":"42.714073","desc":"Републичка мрежа мјерних мјеста; UT-Мјерно мјесто за мјерење загађења које потиче од саобраћаја у градском подручју"},
{"StationID":"ekoSokolac","StationName":"Соколац","alt":"898","lon":"18.779723","lat":"43.9223319","desc":"Републичка мрежа мјерних мјеста; UB-Мјерно мјесто за мјерење позадинског загађења у градском подручју"},
{"StationID":"ekoBijeljina","StationName":"Бијељина","alt":"90","lon":"19.192706","lat":"44.753655","desc":"Републичка мрежа мјерних мјеста; SB-Мјерно мјесто за мјерење позадинског загађења у приградском подручју"},
{"StationID":"ekoTjentiste","StationName":"Фоча (Тјентиште)","alt":"575","lon":"18.68872","lat":"43.352247","desc":"Републичка мрежа мјерних мјеста; RB-Мјерно мјесто за мјерење позадинског загађења у руралном подручју"},
{"StationID":"ekoDoboj","StationName":"Добој","alt":"143","lon":"18.089054","lat":"44.726311","desc":"Републичка мрежа мјерних мјеста; UT-Мјерно мјесто за мјерење загађења које потиче од саобраћаја у градском подручју"}
]}
