{"EkoZagadjivaci":[
{"StationID":"1","StationName":"Перутнина Птуј С д.о.о.","alt":"0","lon":"17.4944444","lat":"45.06139","desc":"Перутнина Птуј С д.о.о."},
{"StationID":"2","StationName":"Перутнина Птуј С д.о.о., Фарма за тов пилића","alt":"0","lon":"17.4339889","lat":"45.05931","desc":"Перутнина Птуј С д.о.о., Фарма за тов пилића"},
{"StationID":"3","StationName":"ЈП 'ДЕП-ОТ' д.о.о. Регионална депонија Рамићи","alt":"0","lon":"17.1666333","lat":"44.83997","desc":"ЈП 'ДЕП-ОТ' д.о.о. Регионална депонија Рамићи"},
{"StationID":"4","StationName":"МЕТАЛ а.д. Друштво за производњу металних производа","alt":"0","lon":"17.2578389","lat":"45.14391","desc":"МЕТАЛ а.д. Друштво за производњу металних производа"},
{"StationID":"5","StationName":"СХП Целекс а.д.","alt":"0","lon":"17.2230389","lat":"44.77469","desc":"СХП Целекс а.д."},
{"StationID":"6","StationName":"Фабрика за прераду воћа и поврћа и производњу готових производа од воћа и поврћа 'Витаминка' а.д.","alt":"0","lon":"17.2201833","lat":"44.783","desc":"Фабрика за прераду воћа и поврћа и производњу готових производа од воћа и поврћа 'Витаминка' а.д."},
{"StationID":"7","StationName":"Козара путеви д.о.о.","alt":"0","lon":"17.1916028","lat":"44.82761","desc":"Козара путеви д.о.о."},
{"StationID":"8","StationName":"Рафинерија нафте Брод а.д.","alt":"0","lon":"17.9841944","lat":"45.12775","desc":"Рафинерија нафте Брод а.д."},
{"StationID":"9","StationName":"Бањалучка пивара а.д.","alt":"0","lon":"17.2280861","lat":"44.80094","desc":"Бањалучка пивара а.д."},
{"StationID":"10","StationName":"Фабрика креча 'Цармеусе' а.д ","alt":"0","lon":"18.0742278","lat":"44.67463","desc":"Фабрика креча 'Цармеусе' а.д "},
{"StationID":"11","StationName":"Рудник кречњака 'Цармеусе' а.д.","alt":"0","lon":"18.0767694","lat":"44.66753","desc":"Рудник кречњака 'Цармеусе' а.д."},
{"StationID":"12","StationName":"Р-С Силикон д.о.о.","alt":"0","lon":"17.1516694","lat":"44.43906","desc":"Р-С Силикон д.о.о."},
{"StationID":"13","StationName":"Секундарац д.о.о.","alt":"0","lon":"17.3173056","lat":"45.10892","desc":"Секундарац д.о.о."},
{"StationID":"14","StationName":"Рафинерија уља Модрича а.д.","alt":"0","lon":"18.3128417","lat":"44.95943","desc":"Рафинерија уља Модрича а.д."},
{"StationID":"15","StationName":"Алумина д.о.о.","alt":"0","lon":"19.1156","lat":"44.41588","desc":"Алумина д.о.о."},
{"StationID":"16","StationName":"ЕФТ „Рудник и Термоелектрана Станари“ д.о.о.","alt":"0","lon":"17.7928972","lat":"44.75366","desc":"ЕФТ „Рудник и Термоелектрана Станари“ д.о.о."},
{"StationID":"17","StationName":"МХ 'ЕРС' а.д. МП а.д. ЗП “Хидроелектране на Требишњици” а.д.","alt":"0","lon":"18.3496056","lat":"42.7097","desc":"МХ 'ЕРС' а.д. МП а.д. ЗП “Хидроелектране на Требишњици” а.д."},
{"StationID":"18","StationName":"АрцелорМитал д.о.о.","alt":"0","lon":"16.7092917","lat":"44.97837","desc":"АрцелорМитал д.о.о."},
{"StationID":"19","StationName":"Хемофарм д.о.о.","alt":"0","lon":"17.1988056","lat":"44.82736","desc":"Хемофарм д.о.о."},
{"StationID":"20","StationName":"ЈП Регионална депонија 'ЕКО-ДЕП' д.о.о.","alt":"0","lon":"19.1721028","lat":"44.75053","desc":"ЈП Регионална депонија 'ЕКО-ДЕП' д.о.о."},
{"StationID":"21","StationName":"Рудник и Термоелектрана Угљевик а.д.","alt":"0","lon":"18.9655306","lat":"44.62666","desc":"Рудник и Термоелектрана Угљевик а.д."},
{"StationID":"22","StationName":"ЗП 'Рудник и Термоелектрана Гацко' а.д.","alt":"0","lon":"18.5201139","lat":"43.17026","desc":"ЗП 'Рудник и Термоелектрана Гацко' а.д."},
{"StationID":"23","StationName":"Нуић д.о.о.","alt":"0","lon":"17.1853861","lat":"44.77625","desc":"Нуић д.о.о."},
{"StationID":"24","StationName":"Мира а.д. Чланица Краш групе","alt":"0","lon":"16.7156472","lat":"44.97893","desc":"Мира а.д. Чланица Краш групе"},
{"StationID":"25","StationName":"Приједорпутеви а.д., Бетонара","alt":"0","lon":"16.7301222","lat":"44.97505","desc":"Приједорпутеви а.д., Бетонара"},
{"StationID":"26","StationName":"Монтинг монтажа д.о.о.","alt":"0","lon":"19.2740083","lat":"44.78598","desc":"Монтинг монтажа д.о.о."},
{"StationID":"27","StationName":"Гранд промет д.о.о.","alt":"0","lon":"17.2091667","lat":"44.79306","desc":"Гранд промет д.о.о."},
{"StationID":"28","StationName":"Ливница Тешић д.о.о.","alt":"0","lon":"17.1943528","lat":"45.11148","desc":"Ливница Тешић д.о.о."},
{"StationID":"29","StationName":"Чистоћа а.д.","alt":"0","lon":"17.2076472","lat":"44.78746","desc":"Чистоћа а.д."},
{"StationID":"30","StationName":"ПЕТ 4 ПЕТ д.о.о.","alt":"0","lon":"17.2072722","lat":"44.78464","desc":"ПЕТ 4 ПЕТ д.о.о."},
{"StationID":"31","StationName":"Ганић д.о.о., Ганић Бетон","alt":"0","lon":"16.6863889","lat":"44.95028","desc":"Ганић д.о.о., Ганић Бетон"},
{"StationID":"32","StationName":"Дрворез д.о.о.","alt":"0","lon":"17.2007889","lat":"44.66447","desc":"Дрворез д.о.о."},
{"StationID":"33","StationName":"Емдекс д.о.о.","alt":"0","lon":"16.9277139","lat":"44.49198","desc":"Емдекс д.о.о."}
]}
