{"HidroStanice":[
{"StationID":"0000010616","StationName":"Бања Лука - Врбас","alt":"159","lon":"17.188718","lat":"44.764747","apsMin":"null","apsMinDatum":"null","apsMax":"null","apsMaxDatum":"null","kotaRedovne":"null","kotaVanredne":"null","desc":"ОТТ Аутоматска хидролошка станица"},
{"StationID":"0000020616","StationName":"Добој - Босна","alt":"143","lon":"18.095733","lat":"44.745529","apsMin":"null","apsMinDatum":"null","apsMax":"null","apsMaxDatum":"null","kotaRedovne":"300","kotaVanredne":"450","desc":"ОТТ Аутоматска хидролошка станица"},
{"StationID":"0000030616","StationName":"Врбања - Врбања","alt":"169","lon":"17.27283","lat":"44.747564","apsMin":"null","apsMinDatum":"null","apsMax":"null","apsMaxDatum":"null","kotaRedovne":"null","kotaVanredne":"null","desc":"ОТТ Аутоматска хидролошка станица"},
{"StationID":"0000161216","StationName":"Клашнице - Врбас","alt":"129","lon":"17.285505","lat":"44.880057","apsMin":"null","apsMinDatum":"null","apsMax":"null","apsMaxDatum":"null","kotaRedovne":"null","kotaVanredne":"null","desc":"ОТТ Аутоматска хидролошка станица"},
{"StationID":"0000260916","StationName":"Модрича - Босна","alt":"98","lon":"18.298503","lat":"44.970525","apsMin":"null","apsMinDatum":"null","apsMax":"null","apsMaxDatum":"null","kotaRedovne":"300","kotaVanredne":"400","desc":"ОТТ Аутоматска хидролошка станица"},
{"StationID":"0000300118","StationName":"Челинац - Јошавка","alt":"230","lon":"17.2507","lat":"44.4453","apsMin":"null","apsMinDatum":"null","apsMax":"null","apsMaxDatum":"null","kotaRedovne":"null","kotaVanredne":"null","desc":"ОТТ Аутоматска хидролошка станица"},
{"StationID":"45616A","StationName":"Мајевац - Плива","alt":"475","lon":"17.0127","lat":"44.1419","apsMin":"null","apsMinDatum":"null","apsMax":"null","apsMaxDatum":"null","kotaRedovne":"null","kotaVanredne":"null","desc":"ОТТ Аутоматска хидролошка станица"},
{"StationID":"45618A","StationName":"Сарићи - Јањ","alt":"456","lon":"17.0548","lat":"44.1612","apsMin":"null","apsMinDatum":"null","apsMax":"null","apsMaxDatum":"null","kotaRedovne":"null","kotaVanredne":"null","desc":"ОТТ Аутоматска хидролошка станица"},
{"StationID":"45620A","StationName":"Волари - Плива","alt":"436","lon":"17.0654","lat":"44.1732","apsMin":"null","apsMinDatum":"null","apsMax":"null","apsMaxDatum":"null","kotaRedovne":"null","kotaVanredne":"null","desc":"ОТТ Аутоматска хидролошка станица"},
{"StationID":"45625A","StationName":"Бочац - Врбас","alt":"241","lon":"17.0757","lat":"44.3413","apsMin":"null","apsMinDatum":"null","apsMax":"null","apsMaxDatum":"null","kotaRedovne":"null","kotaVanredne":"null","desc":"ОТТ Аутоматска хидролошка станица"},
{"StationID":"45630A","StationName":"Делибашино Село - Врбас","alt":"145","lon":"17.1331","lat":"44.4802","apsMin":"null","apsMinDatum":"null","apsMax":"null","apsMaxDatum":"null","kotaRedovne":"300","kotaVanredne":"370","desc":"ОТТ Аутоматска хидролошка станица"},
{"StationID":"45637A","StationName":"Доњи Ободник - Врбања","alt":"341","lon":"17.2816","lat":"44.3349","apsMin":"null","apsMinDatum":"null","apsMax":"null","apsMaxDatum":"null","kotaRedovne":"null","kotaVanredne":"null","desc":"ОТТ Аутоматска хидролошка станица"},
{"StationID":"45810A","StationName":"Фоча - Дрина","alt":"387","lon":"18.4642","lat":"43.3057","apsMin":"null","apsMinDatum":"null","apsMax":"null","apsMaxDatum":"null","kotaRedovne":"300","kotaVanredne":"350","desc":"ОТТ Аутоматска хидролошка станица"},
{"StationID":"null","StationName":"Фоча - Ћехотина","alt":"392","lon":"18.4647","lat":"43.3016","apsMin":"null","apsMinDatum":"null","apsMax":"null","apsMaxDatum":"null","kotaRedovne":"null","kotaVanredne":"null","desc":"null"},
{"StationID":"HSGradiska","StationName":"Градишка - Сава","alt":"85.39","lon":"17.25158","lat":"45.14874","apsMin":"null","apsMinDatum":"null","apsMax":"null","apsMaxDatum":"null","kotaRedovne":"700","kotaVanredne":"730","desc":"осматрачка хидролошка станица"},
{"StationID":"HSGRibnik","StationName":"Г.Рибник - Рибник","alt":"288.01","lon":"16.82049","lat":"44.41862","apsMin":"null","apsMinDatum":"null","apsMax":"null","apsMaxDatum":"null","kotaRedovne":"null","kotaVanredne":"null","desc":"осматрачка хидролошка станица"},
{"StationID":"HSMGrad","StationName":"Мркоњић Град - Црна Ријека","alt":"462.96","lon":"17.07137","lat":"44.42375","apsMin":"null","apsMinDatum":"null","apsMax":"null","apsMaxDatum":"null","kotaRedovne":"null","kotaVanredne":"null","desc":"осматрачка хидролошка станица"},
{"StationID":"HSNGradNizv","StationName":"Нови Град низводно - Уна","alt":"116.06","lon":"16.38434","lat":"45.05355","apsMin":"null","apsMinDatum":"null","apsMax":"null","apsMaxDatum":"null","kotaRedovne":"450","kotaVanredne":"510","desc":"осматрачка хидролошка станица"},
{"StationID":"HSPrijedor","StationName":"Приједор - Сана","alt":"129.68","lon":"16.70386","lat":"44.97385","apsMin":"null","apsMinDatum":"null","apsMax":"null","apsMaxDatum":"null","kotaRedovne":"420","kotaVanredne":"460","desc":"осматрачка хидролошка станица"},
{"StationID":"HSRudo","StationName":"Рудо - Лим","alt":"352.41","lon":"19.3675","lat":"43.61219","apsMin":"null","apsMinDatum":"null","apsMax":"null","apsMaxDatum":"null","kotaRedovne":"null","kotaVanredne":"null","desc":"осматрачка хидролошка станица"},
{"StationID":"HSSrbac","StationName":"Србац - Сава","alt":"82.81","lon":"17.51756","lat":"45.10758","apsMin":"null","apsMinDatum":"null","apsMax":"null","apsMaxDatum":"null","kotaRedovne":"860","kotaVanredne":"940","desc":"осматрачка хидролошка станица"},
{"StationID":"HSUlog","StationName":"Улог - Неретва","alt":"640.95","lon":"18.31285","lat":"43.41728","apsMin":"null","apsMinDatum":"null","apsMax":"null","apsMaxDatum":"null","kotaRedovne":"null","kotaVanredne":"null","desc":"осматрачка хидролошка станица"}
]}
