{"MeteoMapaGlavna":[
{"StationID":"14542","StationName":"Бањалука","lat":"44.80806","lon":"17.21278","alt":"153.00","temperatura":"17.9","pritisak":"988,5","brzVjetra":"5","latSmjer":"SSW","cirSmjer":"ЈЈЗ","marker":"bez_pojava/dan/33.png","termin":"11","kolicinaPadavine":"null","snijeg":"null","minTemp":"null","maxTemp":"null","desc":"<p>Синоптичка Метеоролошка станица Бањалука</p><p>Термин:30.3.2022 11:00</p><p><a href='http://81.93.72.16/dist/examples/temperatura2.php?id=14542'>Тренутна температура:  17.9 C°</a></p><p>Притисак:988,5 hPa</p><p>Брзина вјетра: 5 m/s ЈЈЗ( SSW )</p><p>Количина падавина: ---</p><p>Мин. темп.:--- C°</p><p>Макс. темп. :--- C°</p><p>Висина снијега: --- cm </p>"},
{"StationID":"14562","StationName":"Бијељина","lat":"44.75611","lon":"19.20111","alt":"97.00","temperatura":"17.6","pritisak":"996,0","brzVjetra":"3","latSmjer":"SSE","cirSmjer":"ЈЈИ","marker":"bez_pojava/dan/33.png","termin":"11","kolicinaPadavine":"null","snijeg":"null","minTemp":"null","maxTemp":"null","desc":"<p>Синоптичка Метеоролошка станица Бијељина</p><p>Термин:30.3.2022 11:00</p><p><a href='http://81.93.72.16/dist/examples/temperatura2.php?id=14562'>Тренутна температура:  17.6 C°</a></p><p>Притисак:996,0 hPa</p><p>Брзина вјетра: 3 m/s ЈЈИ( SSE )</p><p>Количина падавина: ---</p><p>Мин. темп.:--- C°</p><p>Макс. темп. :--- C°</p><p>Висина снијега: --- cm </p>"},
{"StationID":"14655","StationName":"Гацко","lat":"43.174167","lon":"18.515833","alt":"947.00","temperatura":"9.6","pritisak":"904,1","brzVjetra":"3","latSmjer":"SE","cirSmjer":"ЈИ","marker":"bez_pojava/dan/33.png","termin":"11","kolicinaPadavine":"null","snijeg":"null","minTemp":"null","maxTemp":"null","desc":"<p>Синоптичка Метеоролошка станица Гацко</p><p>Термин:30.3.2022 11:00</p><p><a href='http://81.93.72.16/dist/examples/temperatura2.php?id=14655'>Тренутна температура:  9.6 C°</a></p><p>Притисак:904,1 hPa</p><p>Брзина вјетра: 3 m/s ЈИ( SE )</p><p>Количина падавина: ---</p><p>Мин. темп.:--- C°</p><p>Макс. темп. :--- C°</p><p>Висина снијега: --- cm </p>"},
{"StationID":"14551","StationName":"Добој","lat":"44.73861","lon":"18.095","alt":"147.00","temperatura":"18.3","pritisak":"988,2","brzVjetra":"2","latSmjer":"SSE","cirSmjer":"ЈЈИ","marker":"bez_pojava/dan/33.png","termin":"11","kolicinaPadavine":"null","snijeg":"null","minTemp":"null","maxTemp":"null","desc":"<p>Синоптичка Метеоролошка станица Добој</p><p>Термин:30.3.2022 11:00</p><p><a href='http://81.93.72.16/dist/examples/temperatura2.php?id=14551'>Тренутна температура:  18.3 C°</a></p><p>Притисак:988,2 hPa</p><p>Брзина вјетра: 2 m/s ЈЈИ( SSE )</p><p>Количина падавина: ---</p><p>Мин. темп.:--- C°</p><p>Макс. темп. :--- C°</p><p>Висина снијега: --- cm </p>"},
{"StationID":"14563","StationName":"Зворник","lat":"44.433333","lon":"19.15","alt":"146.00","temperatura":"12.8","pritisak":"991,3","brzVjetra":"1","latSmjer":"NW","cirSmjer":"СЗ","marker":"bez_pojava/dan/33.png","termin":"11","kolicinaPadavine":"null","snijeg":"null","minTemp":"null","maxTemp":"null","desc":"<p>Синоптичка Метеоролошка станица Зворник</p><p>Термин:30.3.2022 11:00</p><p><a href='http://81.93.72.16/dist/examples/temperatura2.php?id=14563'>Тренутна температура:  12.8 C°</a></p><p>Притисак:991,3 hPa</p><p>Брзина вјетра: 1 m/s СЗ( NW )</p><p>Количина падавина: ---</p><p>Мин. темп.:--- C°</p><p>Макс. темп. :--- C°</p><p>Висина снијега: --- cm </p>"},
{"StationID":"14659","StationName":"Калиновик","lat":"43.5045722","lon":"18.4463806","alt":"1070.00","temperatura":"8.4","pritisak":"890,0","brzVjetra":"2","latSmjer":"S","cirSmjer":"Ј","marker":"bez_pojava/dan/33.png","termin":"11","kolicinaPadavine":"null","snijeg":"null","minTemp":"null","maxTemp":"null","desc":"<p>Синоптичка Метеоролошка станица Калиновик</p><p>Термин:30.3.2022 11:00</p><p><a href='http://81.93.72.16/dist/examples/temperatura2.php?id=14659'>Тренутна температура:  8.4 C°</a></p><p>Притисак:890,0 hPa</p><p>Брзина вјетра: 2 m/s Ј( S )</p><p>Количина падавина: ---</p><p>Мин. темп.:--- C°</p><p>Макс. темп. :--- C°</p><p>Висина снијега: --- cm </p>"},
{"StationID":"14545","StationName":"Мркоњић Град","lat":"44.41861","lon":"17.08361","alt":"575.00","temperatura":"12.8","pritisak":"946,6","brzVjetra":"1","latSmjer":"SE","cirSmjer":"ЈИ","marker":"bez_pojava/dan/33.png","termin":"11","kolicinaPadavine":"null","snijeg":"null","minTemp":"null","maxTemp":"null","desc":"<p>Синоптичка Метеоролошка станица Мркоњић Град</p><p>Термин:30.3.2022 11:00</p><p><a href='http://81.93.72.16/dist/examples/temperatura2.php?id=14545'>Тренутна температура:  12.8 C°</a></p><p>Притисак:946,6 hPa</p><p>Брзина вјетра: 1 m/s ЈИ( SE )</p><p>Количина падавина: ---</p><p>Мин. темп.:--- C°</p><p>Макс. темп. :--- C°</p><p>Висина снијега: --- cm </p>"},
{"StationID":"14535","StationName":"Нови Град","lat":"45.05056","lon":"16.38444","alt":"134.00","temperatura":"12.4","pritisak":"992,5","brzVjetra":"2","latSmjer":"SE","cirSmjer":"ЈИ","marker":"bez_pojava/dan/33.png","termin":"11","kolicinaPadavine":"null","snijeg":"null","minTemp":"null","maxTemp":"null","desc":"<p>Синоптичка Метеоролошка станица Нови Град</p><p>Термин:30.3.2022 11:00</p><p><a href='http://81.93.72.16/dist/examples/temperatura2.php?id=14535'>Тренутна температура:  12.4 C°</a></p><p>Притисак:992,5 hPa</p><p>Брзина вјетра: 2 m/s ЈИ( SE )</p><p>Количина падавина: ---</p><p>Мин. темп.:--- C°</p><p>Макс. темп. :--- C°</p><p>Висина снијега: --- cm </p>"},
{"StationID":"14536","StationName":"Приједор","lat":"44.97556","lon":"16.72111","alt":"141.00","temperatura":"11.2","pritisak":"992,4","brzVjetra":"0","latSmjer":"Tisina","cirSmjer":"Тишина","marker":"bez_pojava/dan/33.png","termin":"11","kolicinaPadavine":"null","snijeg":"null","minTemp":"null","maxTemp":"null","desc":"<p>Синоптичка Метеоролошка станица Приједор</p><p>Термин:30.3.2022 11:00</p><p><a href='http://81.93.72.16/dist/examples/temperatura2.php?id=14536'>Тренутна температура:  11.2 C°</a></p><p>Притисак:992,4 hPa</p><p>Брзина вјетра: 0 m/s Тишина( Tisina )</p><p>Количина падавина: ---</p><p>Мин. темп.:--- C°</p><p>Макс. темп. :--- C°</p><p>Висина снијега: --- cm </p>"},
{"StationID":"14663","StationName":"Рудо","lat":"43.61833","lon":"19.36972","alt":"413.00","temperatura":"11","pritisak":"961,0","brzVjetra":"0","latSmjer":"Tisina","cirSmjer":"Тишина","marker":"bez_pojava/dan/33.png","termin":"11","kolicinaPadavine":"null","snijeg":"null","minTemp":"null","maxTemp":"null","desc":"<p>Синоптичка Метеоролошка станица Рудо</p><p>Термин:30.3.2022 11:00</p><p><a href='http://81.93.72.16/dist/examples/temperatura2.php?id=14663'>Тренутна температура:  11 C°</a></p><p>Притисак:961,0 hPa</p><p>Брзина вјетра: 0 m/s Тишина( Tisina )</p><p>Количина падавина: ---</p><p>Мин. темп.:--- C°</p><p>Макс. темп. :--- C°</p><p>Висина снијега: --- cm </p>"},
{"StationID":"14658","StationName":"Соколац","lat":"43.92611","lon":"18.78917","alt":"913.00","temperatura":"11.9","pritisak":"905,4","brzVjetra":"3","latSmjer":"SW","cirSmjer":"ЈЗ","marker":"bez_pojava/dan/33.png","termin":"11","kolicinaPadavine":"null","snijeg":"null","minTemp":"null","maxTemp":"null","desc":"<p>Синоптичка Метеоролошка станица Соколац</p><p>Термин:30.3.2022 11:00</p><p><a href='http://81.93.72.16/dist/examples/temperatura2.php?id=14658'>Тренутна температура:  11.9 C°</a></p><p>Притисак:905,4 hPa</p><p>Брзина вјетра: 3 m/s ЈЗ( SW )</p><p>Количина падавина: ---</p><p>Мин. темп.:--- C°</p><p>Макс. темп. :--- C°</p><p>Висина снијега: --- cm </p>"},
{"StationID":"14538","StationName":"Србац","lat":"45.10417","lon":"17.52167","alt":"102.00","temperatura":"12.1","pritisak":"1000,0","brzVjetra":"0","latSmjer":"Tisina","cirSmjer":"Тишина","marker":"bez_pojava/dan/28.png","termin":"11","kolicinaPadavine":"null","snijeg":"null","minTemp":"null","maxTemp":"null","desc":"<p>Синоптичка Метеоролошка станица Србац</p><p>Термин:30.3.2022 11:00</p><p><a href='http://81.93.72.16/dist/examples/temperatura2.php?id=14538'>Тренутна температура:  12.1 C°</a></p><p>Притисак:1000,0 hPa</p><p>Брзина вјетра: 0 m/s Тишина( Tisina )</p><p>Количина падавина: ---</p><p>Мин. темп.:--- C°</p><p>Макс. темп. :--- C°</p><p>Висина снијега: --- cm </p>"},
{"StationID":"14564","StationName":"Сребреница","lat":"44.0833","lon":"19.3","alt":"377.00","temperatura":"15","pritisak":"957,5","brzVjetra":"3","latSmjer":"E","cirSmjer":"И","marker":"bez_pojava/dan/33.png","termin":"11","kolicinaPadavine":"null","snijeg":"null","minTemp":"null","maxTemp":"null","desc":"<p>Синоптичка Метеоролошка станица Сребреница</p><p>Термин:30.3.2022 11:00</p><p><a href='http://81.93.72.16/dist/examples/temperatura2.php?id=14564'>Тренутна температура:  15 C°</a></p><p>Притисак:957,5 hPa</p><p>Брзина вјетра: 3 m/s И( E )</p><p>Количина падавина: ---</p><p>Мин. темп.:--- C°</p><p>Макс. темп. :--- C°</p><p>Висина снијега: --- cm </p>"},
{"StationID":"14668","StationName":"Требиње","lat":"42.713946","lon":"18.344287","alt":"300.00","temperatura":"15","pritisak":"983,0","brzVjetra":"4","latSmjer":"SE","cirSmjer":"ЈИ","marker":"bez_pojava/dan/33.png","termin":"11","kolicinaPadavine":"null","snijeg":"null","minTemp":"null","maxTemp":"null","desc":"<p>Синоптичка Метеоролошка станица Требиње</p><p>Термин:30.3.2022 11:00</p><p><a href='http://81.93.72.16/dist/examples/temperatura2.php?id=14668'>Тренутна температура:  15 C°</a></p><p>Притисак:983,0 hPa</p><p>Брзина вјетра: 4 m/s ЈИ( SE )</p><p>Количина падавина: ---</p><p>Мин. темп.:--- C°</p><p>Макс. темп. :--- C°</p><p>Висина снијега: --- cm </p>"},
{"StationID":"14665","StationName":"Фоча","lat":"43.517222","lon":"18.785278","alt":"412.00","temperatura":"9.8","pritisak":"962,0","brzVjetra":"0","latSmjer":"Tisina","cirSmjer":"Тишина","marker":"bez_pojava/dan/33.png","termin":"11","kolicinaPadavine":"null","snijeg":"null","minTemp":"null","maxTemp":"null","desc":"<p>Синоптичка Метеоролошка станица Фоча</p><p>Термин:30.3.2022 11:00</p><p><a href='http://81.93.72.16/dist/examples/temperatura2.php?id=14665'>Тренутна температура:  9.8 C°</a></p><p>Притисак:962,0 hPa</p><p>Брзина вјетра: 0 m/s Тишина( Tisina )</p><p>Количина падавина: ---</p><p>Мин. темп.:--- C°</p><p>Макс. темп. :--- C°</p><p>Висина снијега: --- cm </p>"},
{"StationID":"14565","StationName":"Хан Пијесак","lat":"44.08833","lon":"18.95167","alt":"1138.00","temperatura":"8.6","pritisak":"879,0","brzVjetra":"7","latSmjer":"S","cirSmjer":"Ј","marker":"bez_pojava/dan/33.png","termin":"11","kolicinaPadavine":"null","snijeg":"null","minTemp":"null","maxTemp":"null","desc":"<p>Синоптичка Метеоролошка станица Хан Пијесак</p><p>Термин:30.3.2022 11:00</p><p><a href='http://81.93.72.16/dist/examples/temperatura2.php?id=14565'>Тренутна температура:  8.6 C°</a></p><p>Притисак:879,0 hPa</p><p>Брзина вјетра: 7 m/s Ј( S )</p><p>Количина падавина: ---</p><p>Мин. темп.:--- C°</p><p>Макс. темп. :--- C°</p><p>Висина снијега: --- cm </p>"},
{"StationID":"14656","StationName":"Чемерно","lat":"43.25444","lon":"18.61222","alt":"1304.00","temperatura":"7.6","pritisak":"867,4","brzVjetra":"0","latSmjer":"Tisina","cirSmjer":"Тишина","marker":"bez_pojava/dan/33.png","termin":"11","kolicinaPadavine":"null","snijeg":"null","minTemp":"null","maxTemp":"null","desc":"<p>Синоптичка Метеоролошка станица Чемерно</p><p>Термин:30.3.2022 11:00</p><p><a href='http://81.93.72.16/dist/examples/temperatura2.php?id=14656'>Тренутна температура:  7.6 C°</a></p><p>Притисак:867,4 hPa</p><p>Брзина вјетра: 0 m/s Тишина( Tisina )</p><p>Количина падавина: ---</p><p>Мин. темп.:--- C°</p><p>Макс. темп. :--- C°</p><p>Висина снијега: --- cm </p>"},
{"StationID":"14547","StationName":"Шипово","lat":"44.288611","lon":"17.084722","alt":"458.00","temperatura":"10.4","pritisak":"null","brzVjetra":"null","latSmjer":"null","cirSmjer":"null","marker":"bez_pojava/dan/33.png","termin":"11","kolicinaPadavine":"null","snijeg":"null","minTemp":"null","maxTemp":"null","desc":"<p>Синоптичка Метеоролошка станица Шипово</p><p>Термин:30.3.2022 11:00</p><p><a href='http://81.93.72.16/dist/examples/temperatura2.php?id=14547'>Тренутна температура:  10.4 C°</a></p><p>Притисак:--- hPa</p><p>Брзина вјетра: --- m/s ---( --- )</p><p>Количина падавина: ---</p><p>Мин. темп.:--- C°</p><p>Макс. темп. :--- C°</p><p>Висина снијега: --- cm </p>"}
]}
