[
  {
    "id": 1,
    "icon": "/assets/img/map/hidro.png",
    "lat": 45.14874,
    "lng": 17.25158,
    "labelX": -5,
    "labelY": 35,
    "labelTitle": "-16 cm <img src='assets/img/normal-even.png' title='Водостај у нормалним границама' height='16px' width='16px'/>",
    "temperatura": "--",
    "protok": "--",
    "vodostaj": -16,
    "labelClass": "hidroLabels",
    "infoTitle": "Градишка",
    "infoContent": "Ријека: Сава<br/><br/><strong class='big'>Водостај:-16 cm <img src='assets/img/normal-even.png' title='Водостај у нормалним границама' height='16px' width='16px'/></strong><br/><strong>Кота '0': 85.39 mnm</strong><br/><br/><strong>Коте одбране од поплава</strong><br/>Редовна: 700 cm<br/>Ванредна: 730 cm<br/><br/><strong>Историјски подаци</strong><br/>Најнижи водостај<br/>29.08.2003. измјерено <strong>-99 cm</strong> <br/>Највиши водостај<br/>19.03.1947.измјерено <strong>855 cm</strong>"
  },
  {
    "id": 2,
    "icon": "/assets/img/map/hidro.png",
    "lat": 45.10758,
    "lng": 17.51756,
    "labelX": -5,
    "labelY": 35,
    "labelTitle": "137 cm <img src='assets/img/normal-up.png' title='Водостај у нормалним границама' height='16px' width='16px'/>",
    "temperatura": "--",
    "protok": "--",
    "vodostaj": 137,
    "labelClass": "hidroLabels",
    "infoTitle": "Србац",
    "infoContent": "Ријека: Сава<br/><br/><strong class='big'>Водостај:137 cm <img src='assets/img/normal-up.png' title='Водостај у нормалним границама' height='16px' width='16px'/></strong><br/><strong>Кота '0': 82.81 mnm</strong><br/><br/><strong>Коте одбране од поплава</strong><br/>Редовна: 860 cm<br/>Ванредна: 940 cm<br/><br/><strong>Историјски подаци</strong><br/>Најнижи водостај<br/>10.10.2003. измјерено <strong>-132 cm</strong> <br/>Највиши водостај<br/>31.10.1974.измјерено <strong>1024 cm</strong>"
  },
  {
    "id": 4,
    "icon": "/assets/img/map/hidro.png",
    "lat": 45.05355,
    "lng": 16.38434,
    "labelX": -5,
    "labelY": 35,
    "labelTitle": "37 cm <img src='assets/img/normal-up.png' title='Водостај у нормалним границама' height='16px' width='16px'/>",
    "temperatura": "5.3",
    "protok": "115",
    "vodostaj": 37,
    "labelClass": "hidroLabels",
    "infoTitle": "Нови Град - низ.",
    "infoContent": "Ријека: Уна<br/><br/><strong class='big'>Водостај:37 cm <img src='assets/img/normal-up.png' title='Водостај у нормалним границама' height='16px' width='16px'/></strong><br/><strong>Кота '0': 116.06 mnm</strong><br/><br/><strong>Коте одбране од поплава</strong><br/>Редовна: 450 cm<br/>Ванредна: 510 cm<br/><br/><strong>Историјски подаци</strong><br/>Најнижи водостај<br/>04.10.2011. измјерено <strong>-59 cm</strong> <br/>Највиши водостај<br/>09.10.1955.измјерено <strong>576 cm</strong>"
  },
  {
    "id": 5,
    "icon": "/assets/img/map/hidro.png",
    "lat": 44.97385,
    "lng": 16.70386,
    "labelX": -5,
    "labelY": 35,
    "labelTitle": "54 cm <img src='assets/img/normal-up.png' title='Водостај у нормалним границама' height='16px' width='16px'/>",
    "temperatura": "6.1",
    "protok": "41.4",
    "vodostaj": 54,
    "labelClass": "hidroLabels",
    "infoTitle": "Приједор",
    "infoContent": "Ријека: Сана<br/><br/><strong class='big'>Водостај:54 cm <img src='assets/img/normal-up.png' title='Водостај у нормалним границама' height='16px' width='16px'/></strong><br/><strong>Кота '0': 129.68 mnm</strong><br/><br/><strong>Коте одбране од поплава</strong><br/>Редовна: 420 cm<br/>Ванредна: 460 cm<br/><br/><strong>Историјски подаци</strong><br/>Најнижи водостај<br/>31.08.2008. измјерено <strong>-19 cm</strong> <br/>Највиши водостај<br/>17.05.2014.измјерено <strong>543 cm</strong>"
  },
  {
    "id": 7,
    "icon": "/assets/img/map/hidro.png",
    "lat": 44.76468,
    "lng": 17.18852,
    "labelX": -5,
    "labelY": 35,
    "labelTitle": "120 cm <img src='assets/img/normal-down.png' title='Водостај у нормалним границама' height='16px' width='16px'/>",
    "temperatura": "--",
    "protok": "47.5",
    "vodostaj": 120,
    "labelClass": "hidroLabels",
    "infoTitle": "Бања Лука",
    "infoContent": "Ријека: Врбас<br/><br/><strong class='big'>Водостај:120 cm <img src='assets/img/normal-down.png' title='Водостај у нормалним границама' height='16px' width='16px'/></strong><br/><strong>Кота '0': 151.21 mnm</strong><br/><br/><strong>Историјски подаци</strong><br/>Најнижи водостај<br/>01.10.1923. измјерено <strong>43 cm</strong> <br/>Највиши водостај<br/>16.05.2014.измјерено <strong>632 cm</strong>"
  },
  {
    "id": 8,
    "icon": "/assets/img/map/hidro.png",
    "lat": 44.80061,
    "lng": 17.22561,
    "labelX": -5,
    "labelY": 35,
    "labelTitle": "81 cm <img src='assets/img/normal-down.png' title='Водостај у нормалним границама' height='16px' width='16px'/>",
    "temperatura": "4.8",
    "protok": "58.6",
    "vodostaj": 81,
    "labelClass": "hidroLabels",
    "infoTitle": "Делибашино Село",
    "infoContent": "Ријека: Врбас<br/><br/><strong class='big'>Водостај:81 cm <img src='assets/img/normal-down.png' title='Водостај у нормалним границама' height='16px' width='16px'/></strong><br/><strong>Кота '0': 141.38 mnm</strong><br/><br/><strong>Коте одбране од поплава</strong><br/>Редовна: 300 cm<br/>Ванредна: 370 cm<br/><br/><strong>Историјски подаци</strong><br/>Најнижи водостај<br/>09.06.1977. измјерено <strong>22 cm</strong> <br/>Највиши водостај<br/>16.05.2014.измјерено <strong>816 cm</strong>"
  },
  {
    "id": 9,
    "icon": "/assets/img/map/hidro.png",
    "lat": 44.74743,
    "lng": 17.27278,
    "labelX": -5,
    "labelY": 35,
    "labelTitle": "68 cm <img src='assets/img/normal-up.png' title='Водостај у нормалним границама' height='16px' width='16px'/>",
    "temperatura": "--",
    "protok": "17.9",
    "vodostaj": 68,
    "labelClass": "hidroLabels",
    "infoTitle": "Врбања",
    "infoContent": "Ријека: Врбања<br/><br/><strong class='big'>Водостај:68 cm <img src='assets/img/normal-up.png' title='Водостај у нормалним границама' height='16px' width='16px'/></strong><br/><strong>Кота '0': 166.22 mnm</strong><br/><br/><strong>Историјски подаци</strong><br/>Најнижи водостај<br/>19.09.2011. измјерено <strong>16 cm</strong> <br/>Највиши водостај<br/>16.05.2014.измјерено <strong>592 cm</strong>"
  },
  {
    "id": 10,
    "icon": "/assets/img/map/hidro.png",
    "lat": 44.74447,
    "lng": 18.09568,
    "labelX": -5,
    "labelY": 35,
    "labelTitle": "-63 cm <img src='assets/img/normal-up.png' title='Водостај у нормалним границама' height='16px' width='16px'/>",
    "temperatura": "2.6",
    "protok": "110",
    "vodostaj": -63,
    "labelClass": "hidroLabels",
    "infoTitle": "Добој",
    "infoContent": "Ријека: Босна<br/><br/><strong class='big'>Водостај:-63 cm <img src='assets/img/normal-up.png' title='Водостај у нормалним границама' height='16px' width='16px'/></strong><br/><strong>Кота '0': 137.01 mnm</strong><br/><br/><strong>Коте одбране од поплава</strong><br/>Редовна: 300 cm<br/>Ванредна: 450 cm<br/><br/><strong>Историјски подаци</strong><br/>Најнижи водостај<br/>18.09.2011. измјерено <strong>-157 cm</strong> <br/>Највиши водостај<br/>15.05.2014.измјерено <strong>721 cm</strong>"
  },
  {
    "id": 11,
    "icon": "/assets/img/map/hidro.png",
    "lat": 43.51591,
    "lng": 18.77816,
    "labelX": -5,
    "labelY": 35,
    "labelTitle": "0 cm <img src='assets/img/normal-even.png' title='Водостај у нормалним границама' height='16px' width='16px'/>",
    "temperatura": "0.0",
    "protok": "0.0",
    "vodostaj": 0,
    "labelClass": "hidroLabels",
    "infoTitle": "Фоча - низводно",
    "infoContent": "Ријека: Дрина<br/><br/><strong class='big'>Водостај:0 cm <img src='assets/img/normal-even.png' title='Водостај у нормалним границама' height='16px' width='16px'/></strong><br/><strong>Кота '0': 383.98 mnm</strong><br/><br/><strong>Коте одбране од поплава</strong><br/>Редовна: 300 cm<br/>Ванредна: 350 cm<br/><br/><strong>Историјски подаци</strong><br/>Најнижи водостај<br/>27.08.2000. измјерено <strong>1 cm</strong> <br/>Највиши водостај<br/>02.12.2010.измјерено <strong>632 cm</strong>"
  },
  {
    "id": 12,
    "icon": "/assets/img/map/hidro.png",
    "lat": 44.29242,
    "lng": 17.1154,
    "labelX": -5,
    "labelY": 35,
    "labelTitle": "147 cm <img src='assets/img/normal-up.png' title='Водостај у нормалним границама' height='16px' width='16px'/>",
    "temperatura": "--",
    "protok": "22.2",
    "vodostaj": 147,
    "labelClass": "hidroLabels",
    "infoTitle": "Волари",
    "infoContent": "Ријека: Плива<br/><br/><strong class='big'>Водостај:147 cm <img src='assets/img/normal-up.png' title='Водостај у нормалним границама' height='16px' width='16px'/></strong><br/><strong>Кота '0': 435.1 mnm</strong><br/><br/><strong>Историјски подаци</strong><br/>Најнижи водостај<br/>14.11.1987. измјерено <strong>94 cm</strong> <br/>Највиши водостај<br/>09.12.2009.измјерено <strong>314 cm</strong>"
  },
  {
    "id": 13,
    "icon": "/assets/img/map/hidro.png",
    "lat": 44.41862,
    "lng": 16.82049,
    "labelX": -5,
    "labelY": 35,
    "labelTitle": "50 cm <img src='assets/img/normal-up.png' title='Водостај у нормалним границама' height='16px' width='16px'/>",
    "temperatura": "--",
    "protok": "9.5",
    "vodostaj": 50,
    "labelClass": "hidroLabels",
    "infoTitle": "Горњи Рибник",
    "infoContent": "Ријека: Рибник<br/><br/><strong class='big'>Водостај:50 cm <img src='assets/img/normal-up.png' title='Водостај у нормалним границама' height='16px' width='16px'/></strong><br/><strong>Кота '0': 288.01 mnm</strong><br/><br/><strong>Историјски подаци</strong><br/>Најнижи водостај<br/>28.08.2010. измјерено <strong>24 cm</strong> <br/>Највиши водостај<br/>02.12.2010.измјерено <strong>168 cm</strong>"
  },
  {
    "id": 14,
    "icon": "/assets/img/map/hidro.png",
    "lat": 43.41728,
    "lng": 18.31285,
    "labelX": -5,
    "labelY": 35,
    "labelTitle": "-48 cm <img src='assets/img/normal-even.png' title='Водостај у нормалним границама' height='16px' width='16px'/>",
    "temperatura": "--",
    "protok": "0.9",
    "vodostaj": -48,
    "labelClass": "hidroLabels",
    "infoTitle": "Улог",
    "infoContent": "Ријека: Неретва<br/><br/><strong class='big'>Водостај:-48 cm <img src='assets/img/normal-even.png' title='Водостај у нормалним границама' height='16px' width='16px'/></strong><br/><strong>Кота '0': 640.95 mnm</strong><br/><br/><strong>Историјски подаци</strong><br/>Најнижи водостај<br/>14.09.2011. измјерено <strong>-68 cm</strong> <br/>Највиши водостај<br/>13.10.1974.измјерено <strong>172 cm</strong>"
  },
  {
    "id": 15,
    "icon": "/assets/img/map/hidro.png",
    "lat": 44.42375,
    "lng": 17.07137,
    "labelX": -5,
    "labelY": 35,
    "labelTitle": "25 cm <img src='assets/img/normal-even.png' title='Водостај у нормалним границама' height='16px' width='16px'/>",
    "temperatura": "--",
    "protok": "0.3",
    "vodostaj": 25,
    "labelClass": "hidroLabels",
    "infoTitle": "Мркоњић Град",
    "infoContent": "Ријека: Црна Ријека<br/><br/><strong class='big'>Водостај:25 cm <img src='assets/img/normal-even.png' title='Водостај у нормалним границама' height='16px' width='16px'/></strong><br/><strong>Кота '0': 462.96 mnm</strong><br/><br/><strong>Историјски подаци</strong><br/>Најнижи водостај<br/>13.06.2003. измјерено <strong>16 cm</strong> <br/>Највиши водостај<br/>02.01.2006.измјерено <strong>78 cm</strong>"
  },
  {
    "id": 18,
    "icon": "/assets/img/map/hidro.png",
    "lat": 43.61219,
    "lng": 19.3675,
    "labelX": -5,
    "labelY": 35,
    "labelTitle": "82 cm <img src='assets/img/normal-even.png' title='Водостај у нормалним границама' height='16px' width='16px'/>",
    "temperatura": "--",
    "protok": "--",
    "vodostaj": 82,
    "labelClass": "hidroLabels",
    "infoTitle": "Рудо",
    "infoContent": "Ријека: Лим<br/><br/><strong class='big'>Водостај:82 cm <img src='assets/img/normal-even.png' title='Водостај у нормалним границама' height='16px' width='16px'/></strong><br/><strong>Кота '0': 352.41 mnm</strong><br/><br/><strong>Историјски подаци</strong><br/>Најнижи водостај<br/>15.02.1954. измјерено <strong>62 cm</strong> <br/>Највиши водостај<br/>17.11.1979.измјерено <strong>600 cm</strong>"
  },
  {
    "id": 20,
    "icon": "/assets/img/map/hidro.png",
    "lat": 42.70922,
    "lng": 18.34909,
    "labelX": -5,
    "labelY": 35,
    "labelTitle": "0 cm <img src='assets/img/normal-down.png' title='Водостај у нормалним границама' height='16px' width='16px'/>",
    "temperatura": "0.0",
    "protok": "0.0",
    "vodostaj": 0,
    "labelClass": "hidroLabels",
    "infoTitle": "Требиње",
    "infoContent": "Ријека: Требишњица<br/><br/><strong class='big'>Водостај:0 cm <img src='assets/img/normal-down.png' title='Водостај у нормалним границама' height='16px' width='16px'/></strong><br/><strong>Кота '0': 271.98 mnm</strong><br/><br/><strong>Историјски подаци</strong><br/>Најнижи водостај<br/>13.06.1987. измјерено <strong>-12 cm</strong> <br/>Највиши водостај<br/>23.10.1939.измјерено <strong>325 cm</strong>"
  }
]