{"AkceleroStanice":[
{"StationID":"BLY","StationName":"Бања Лука","alt":"256","lon":"17.175","lat":"44.749","desc":"Дигитализатор:Q330;   Сензор:Episenso"},
{"StationID":"VRBA","StationName":"Врба-Гацко","alt":"1112","lon":"18.579","lat":"43.174","desc":"Дигитализатор:Basalt;   Сензор:Episenso"},
{"StationID":"MED","StationName":"Међеђа-Омарска","alt":"200","lon":"16.911","lat":"44.847","desc":"Дигитализатор:Q330;   Сензор:Episenso"},
{"StationID":"NEVS","StationName":"Невесиње","alt":"894","lon":"18.103","lat":"43.299","desc":"Дигитализатор:Basalt;   Сензор:Episenso"},
{"StationID":"KLINJ","StationName":"Клиње-Гацко","alt":"1076","lon":"18.585","lat":"43.169","desc":"Дигитализатор:Basalt;   Сензор:Episenso"},
{"StationID":"BIR1","StationName":"Бирач-Зворник","alt":"197","lon":"19.076","lat":"44.457","desc":"Дигитализатор:Basalt;   Сензор:Episenso"},
{"StationID":"BOCA","StationName":"Бочац","alt":"308","lon":"17.163","lat":"44.508","desc":"Дигитализатор:Q330;   Сензор:Episenso"}
]}









