{"HidroStanice":[
{"StationID":"0000010616","StationName":"Бања Лука - Врбас","alt":"159","lon":"17.188718","lat":"44.764747","desc":"<p>ОТТ Аутоматска хидролошка станица Бања Лука - Врбас</p>
<p>Кота нуле: 151.21 мнм<p>
<p>Најнижи водостај:</p>
<p>01.10.1923. измјерено 43 cm</p>
<p>Највиши водостај:</p>
<p>16.05.2014. измјерено 632 cm</p>
<p>Кота редовне одбране од поплава:<b>250 cm</b></p>
<p>Кота ванредне одбране од поплава:<b>370 cm</b></p>
"},
{"StationID":"HSUlog","StationName":"Улог - Неретва","alt":"640.95","lon":"18.31285","lat":"43.41728","desc":"Мануелна хидролошка станица Улог - Неретва
<p>Кота нуле: 640.95 мнм<p>
<p>Најнижи водостај:</p>
<p>14.09.2011. измјерено -68 cm</p>
<p>Највиши водостај:</p>
<p>13.10.1974. измјерено 172 cm</p>
<p>Кота редовне одбране од поплава:<b>70 cm</b></p>
<p>Кота ванредне одбране од поплава:<b>120 cm</b></p>
"}
]}
